latitude,raw_irradiance,longitude,month,aspect,slope,declination,adjusted_irradiance
41.25,2.04,43.25,1,218.88449,10.505803,-20.9,2.553806701617031
41.25,3.13,43.25,2,218.88449,10.505803,-13.0,3.6946284819887483
41.25,3.65,43.25,3,218.88449,10.505803,-2.4,4.08301000407472
41.25,4.88,43.25,4,218.88449,10.505803,9.4,5.228478877790177
41.25,5.42,43.25,5,218.88449,10.505803,18.8,5.646998076023926
41.25,6.28,43.25,6,218.88449,10.505803,23.1,6.466918655590596
41.25,6.37,43.25,7,218.88449,10.505803,21.2,6.593178015008801
41.25,6.07,43.25,8,218.88449,10.505803,13.5,6.42151675990495
41.25,4.63,43.25,9,218.88449,10.505803,2.2,5.085480741301181
41.25,3.21,43.25,10,218.88449,10.505803,-9.6,3.7158084240872244
41.25,2.19,43.25,11,218.88449,10.505803,-18.9,2.6949330416120363
41.25,1.69,43.25,12,218.88449,10.505803,-23.0,2.1589615128669712
41.25,2.04,43.5,1,38.290165,6.4111643,-20.9,1.6888534213061102
41.25,3.13,43.5,2,38.290165,6.4111643,-13.0,2.7293716707476667
41.25,3.65,43.5,3,38.290165,6.4111643,-2.4,3.3220104421259333
41.25,4.88,43.5,4,38.290165,6.4111643,9.4,4.583783420370589
41.25,5.42,43.5,5,38.290165,6.4111643,18.8,5.189830144997935
41.25,6.28,43.5,6,38.290165,6.4111643,23.1,6.060298433681061
41.25,6.37,43.5,7,38.290165,6.4111643,21.2,6.126414069813438
41.25,6.07,43.5,8,38.290165,6.4111643,13.5,5.752147367226779
41.25,4.63,43.5,9,38.290165,6.4111643,2.2,4.271861830351513
41.25,3.21,43.5,10,38.290165,6.4111643,-9.6,2.8443642220754017
41.25,2.19,43.5,11,38.290165,6.4111643,-18.9,1.8418420638646062
41.25,1.69,43.5,12,38.290165,6.4111643,-23.0,1.3723568244691107
41.25,2.04,43.75,1,302.00537,5.504755,-20.9,1.8342896938043112
41.25,3.13,43.75,2,302.00537,5.504755,-13.0,2.8945124831877744
41.25,3.65,43.75,3,302.00537,5.504755,-2.4,3.4561392657097096
41.25,4.88,43.75,4,302.00537,5.504755,9.4,4.703360898515649
41.25,5.42,43.75,5,302.00537,5.504755,18.8,5.281143899354145
41.25,6.28,43.75,6,302.00537,5.504755,23.1,6.146370523415542
41.25,6.37,43.75,7,302.00537,5.504755,21.2,6.222426445740023
41.25,6.07,43.75,8,302.00537,5.504755,13.5,5.879638836044705
41.25,4.63,43.75,9,302.00537,5.504755,2.2,4.417685604253649
41.25,3.21,43.75,10,302.00537,5.504755,-9.6,2.994733261541184
41.25,2.19,43.75,11,302.00537,5.504755,-18.9,1.9858758521926088
41.25,1.69,43.75,12,302.00537,5.504755,-23.0,1.504069665414396
41.25,1.88,44.0,1,23.838737,11.447775,-20.9,1.1966348606882005
41.25,2.66,44.0,2,23.838737,11.447775,-13.0,1.9362888049148164
41.25,3.39,44.0,3,23.838737,11.447775,-2.4,2.7354705334581753
41.25,4.6,44.0,4,23.838737,11.447775,9.4,3.9896982009394204
41.25,5.35,44.0,5,23.838737,11.447775,18.8,4.8422548088088115
41.25,6.2,44.0,6,23.838737,11.447775,23.1,5.707679779849069
41.25,6.07,44.0,7,23.838737,11.447775,21.2,5.547073305929142
41.25,5.68,44.0,8,23.838737,11.447775,13.5,5.024483107819149
41.25,4.2,44.0,9,23.838737,11.447775,2.2,3.4979012064859085
41.25,3.03,44.0,10,23.838737,11.447775,-9.6,2.294062630025005
41.25,2.16,44.0,11,23.838737,11.447775,-18.9,1.4337131631871884
41.25,1.62,44.0,12,23.838737,11.447775,-23.0,0.9780430418781503
41.25,1.88,44.25,1,24.443954,5.959938,-20.9,1.5334945376216547
41.25,2.66,44.25,2,24.443954,5.959938,-13.0,2.2963504925438083
41.25,3.39,44.25,3,24.443954,5.959938,-2.4,3.065988187658125
41.25,4.6,44.25,4,24.443954,5.959938,9.4,4.305010241247532
41.25,5.35,44.25,5,24.443954,5.959938,18.8,5.112124777614821
41.25,6.2,44.25,6,24.443954,5.959938,23.1,5.974366558070652
41.25,6.07,44.25,7,24.443954,5.959938,21.2,5.827786327592103
41.25,5.68,44.25,8,24.443954,5.959938,13.5,5.3668169316559675
41.25,4.2,44.25,9,24.443954,5.959938,2.2,3.8552316951272028
41.25,3.03,44.25,10,24.443954,5.959938,-9.6,2.661817207395705
41.25,2.16,44.25,11,24.443954,5.959938,-18.9,1.7925327846633439
41.25,1.62,44.25,12,24.443954,5.959938,-23.0,1.2937672908120508
41.25,1.88,44.5,1,81.25384,8.1425905,-20.9,1.7844141706676224
41.25,2.66,44.5,2,81.25384,8.1425905,-13.0,2.553605198225571
41.25,3.39,44.5,3,81.25384,8.1425905,-2.4,3.286175929620811
41.25,4.6,44.5,4,81.25384,8.1425905,9.4,4.492080071203835
41.25,5.35,44.5,5,81.25384,8.1425905,18.8,5.248455748756572
41.25,6.2,44.5,6,81.25384,8.1425905,23.1,6.093722587659771
41.25,6.07,44.5,7,81.25384,8.1425905,21.2,5.961095405773983
41.25,5.68,44.5,8,81.25384,8.1425905,13.5,5.558377089102086
41.25,4.2,44.5,9,81.25384,8.1425905,2.2,4.084278398830696
41.25,3.03,44.5,10,81.25384,8.1425905,-9.6,2.919297898576939
41.25,2.16,44.5,11,81.25384,8.1425905,-18.9,2.0571602743575785
41.25,1.62,44.5,12,81.25384,8.1425905,-23.0,1.5313340882515347
41.25,1.88,44.75,1,249.44395,5.187368,-20.9,1.985259522748651
41.25,2.66,44.75,2,249.44395,5.187368,-13.0,2.766406706326266
41.25,3.39,44.75,3,249.44395,5.187368,-2.4,3.4787795707243574
41.25,4.6,44.75,4,249.44395,5.187368,9.4,4.671880378645191
41.25,5.35,44.75,5,249.44395,5.187368,18.8,5.398265512483138
41.25,6.2,44.75,6,249.44395,5.187368,23.1,6.239129843076813
41.25,6.07,44.75,7,249.44395,5.187368,21.2,6.115466658439019
41.25,5.68,44.75,8,249.44395,5.187368,13.5,5.7516066604088625
41.25,4.2,44.75,9,249.44395,5.187368,2.2,4.290962647779102
41.25,3.03,44.75,10,249.44395,5.187368,-9.6,3.1357421275234434
41.25,2.16,44.75,11,249.44395,5.187368,-18.9,2.270644351611821
41.25,1.62,44.75,12,249.44395,5.187368,-23.0,1.7199878715894819
41.25,1.92,45.75,1,268.0251,9.013046,-20.9,1.9159117492127715
41.25,2.61,45.75,2,268.0251,9.013046,-13.0,2.597346786038066
41.25,3.49,45.75,3,268.0251,9.013046,-2.4,3.4648819187505278
41.25,4.84,45.75,4,268.0251,9.013046,9.4,4.796471872409918
41.25,5.7,45.75,5,268.0251,9.013046,18.8,5.642335444263999
41.25,6.55,45.75,6,268.0251,9.013046,23.1,6.480717332253573
41.25,6.35,45.75,7,268.0251,9.013046,21.2,6.284106145943109
41.25,5.88,45.75,8,268.0251,9.013046,13.5,5.824099502363772
41.25,4.34,45.75,9,268.0251,9.013046,2.2,4.305420265391497
41.25,3.05,45.75,10,268.0251,9.013046,-9.6,3.0325662535736786
41.25,2.15,45.75,11,268.0251,9.013046,-18.9,2.143679836794341
41.25,1.65,45.75,12,268.0251,9.013046,-23.0,1.648094996083589
41.25,1.82,46.0,1,181.39719,9.415637,-20.9,2.358840420698467
41.25,2.47,46.0,2,181.39719,9.415637,-13.0,2.9978589249201204
41.25,3.36,46.0,3,181.39719,9.415637,-2.4,3.8389452141093448
41.25,4.65,46.0,4,181.39719,9.415637,9.4,5.059797128866675
41.25,5.57,46.0,5,181.39719,9.415637,18.8,5.871357105374984
41.25,6.61,46.0,6,181.39719,9.415637,23.1,6.8753308373790905
41.25,6.29,46.0,7,181.39719,9.415637,21.2,6.580694320468554
41.25,5.88,46.0,8,181.39719,9.415637,13.5,6.306732551492223
41.25,4.38,46.0,9,181.39719,9.415637,2.2,4.9021022596859805
41.25,2.98,46.0,10,181.39719,9.415637,-9.6,3.538491109894486
41.25,2.1,46.0,11,181.39719,9.415637,-18.9,2.6701898566989497
41.25,1.57,46.0,12,181.39719,9.415637,-23.0,2.081183650809681
41.25,1.82,46.25,1,95.19443,3.449704,-20.9,1.8354677364073566
41.25,2.47,46.25,2,95.19443,3.449704,-13.0,2.484215844058735
41.25,3.36,46.25,3,95.19443,3.449704,-2.4,3.371373252428597
41.25,4.65,46.25,4,95.19443,3.449704,9.4,4.6573113613544574
41.25,5.57,46.25,5,95.19443,3.449704,18.8,5.572445047403546
41.25,6.61,46.25,6,95.19443,3.449704,23.1,6.609827253212864
41.25,6.29,46.25,7,95.19443,3.449704,21.2,6.291108345398883
41.25,5.88,46.25,8,95.19443,3.449704,13.5,5.886198711394212
41.25,4.38,46.25,9,95.19443,3.449704,2.2,4.391420324307688
41.25,2.98,46.25,10,95.19443,3.449704,-9.6,2.994540958096415
41.25,2.1,46.25,11,95.19443,3.449704,-18.9,2.116130284488486
41.25,1.57,46.25,12,95.19443,3.449704,-23.0,1.58488729445349
41.25,1.82,46.5,1,3.8140793,6.9424224,-20.9,1.3912172260123743
41.25,2.47,46.5,2,3.8140793,6.9424224,-13.0,2.038091845345276
41.25,3.36,46.5,3,3.8140793,6.9424224,-2.4,2.948794768184443
41.25,4.65,46.5,4,3.8140793,6.9424224,9.4,4.267512377541041
41.25,5.57,46.5,5,3.8140793,6.9424224,18.8,5.251593781015143
41.25,6.61,46.5,6,3.8140793,6.9424224,23.1,6.3002030870259444
41.25,6.29,46.5,7,3.8140793,6.9424224,21.2,5.9670246925849515
41.25,5.88,46.5,8,3.8140793,6.9424224,13.5,5.463785440799351
41.25,4.38,46.5,9,3.8140793,6.9424224,2.2,3.9193572633855527
41.25,2.98,46.5,10,3.8140793,6.9424224,-9.6,2.516696651153506
41.25,2.1,46.5,11,3.8140793,6.9424224,-18.9,1.6432644892447688
41.25,1.57,46.5,12,3.8140793,6.9424224,-23.0,1.165928874073173
41.5,1.64,41.75,1,341.56506,33.629673,-20.9,0.0
41.5,2.35,41.75,2,341.56506,33.629673,-13.0,0.22571136352966112
41.5,3.28,41.75,3,341.56506,33.629673,-2.4,1.0726531712997005
41.5,4.67,41.75,4,341.56506,33.629673,9.4,2.3492442620624385
41.5,5.44,41.75,5,341.56506,33.629673,18.8,3.3339252387074536
41.5,5.87,41.75,6,341.56506,33.629673,23.1,3.8616169617783567
41.5,5.45,41.75,7,341.56506,33.629673,21.2,3.4786382338566217
41.5,5.16,41.75,8,341.56506,33.629673,13.5,2.8548890193662304
41.5,4.18,41.75,9,341.56506,33.629673,2.2,1.682857826294713
41.5,2.94,41.75,10,341.56506,33.629673,-9.6,0.5335984515989002
41.5,2.05,41.75,11,341.56506,33.629673,-18.9,0.0
41.5,1.45,41.75,12,341.56506,33.629673,-23.0,0.0
41.5,1.95,42.0,1,181.84761,26.644606,-20.9,3.4147909419999993
41.5,2.92,42.0,2,181.84761,26.644606,-13.0,4.444792870735558
41.5,3.73,42.0,3,181.84761,26.644606,-2.4,4.94276836615898
41.5,4.87,42.0,4,181.84761,26.644606,9.4,5.722125617236248
41.5,5.35,42.0,5,181.84761,26.644606,18.8,5.784958577061009
41.5,6.04,42.0,6,181.84761,26.644606,23.1,6.299170148369375
41.5,5.92,42.0,7,181.84761,26.644606,21.2,6.272877586805707
41.5,5.74,42.0,8,181.84761,26.644606,13.5,6.498421612998773
41.5,4.52,42.0,9,181.84761,26.644606,2.2,5.698231883227117
41.5,3.14,42.0,10,181.84761,26.644606,-9.6,4.550779696370618
41.5,2.16,42.0,11,181.84761,26.644606,-18.9,3.6348882917935224
41.5,1.68,42.0,12,181.84761,26.644606,-23.0,3.0803172689839444
41.5,1.95,42.25,1,300.67728,19.405458,-20.9,1.2069301876529575
41.5,2.92,42.25,2,300.67728,19.405458,-13.0,2.0601757065638657
41.5,3.73,42.25,3,300.67728,19.405458,-2.4,2.909634987200472
41.5,4.87,42.25,4,300.67728,19.405458,9.4,4.075480921470451
41.5,5.35,42.25,5,300.67728,19.405458,18.8,4.666705036507532
41.5,6.04,42.25,6,300.67728,19.405458,23.1,5.356277122426607
41.5,5.92,42.25,7,300.67728,19.405458,21.2,5.212474026349679
41.5,5.74,42.25,8,300.67728,19.405458,13.5,4.896554307138248
41.5,4.52,42.25,9,300.67728,19.405458,2.2,3.636089236375939
41.5,3.14,42.25,10,300.67728,19.405458,-9.6,2.301961199629416
41.5,2.16,42.25,11,300.67728,19.405458,-18.9,1.3927474698017819
41.5,1.68,42.25,12,300.67728,19.405458,-23.0,0.9874960071908395
41.5,1.95,42.5,1,133.3153,13.1310835,-20.9,2.4803275347196254
41.5,2.92,42.5,2,133.3153,13.1310835,-13.0,3.481644134139546
41.5,3.73,42.5,3,133.3153,13.1310835,-2.4,4.191881680318398
41.5,4.87,42.5,4,133.3153,13.1310835,9.4,5.218770943920373
41.5,5.35,42.5,5,133.3153,13.1310835,18.8,5.558893681157976
41.5,6.04,42.5,6,133.3153,13.1310835,23.1,6.195207678942785
41.5,5.92,42.5,7,133.3153,13.1310835,21.2,6.106496793772274
41.5,5.74,42.5,8,133.3153,13.1310835,13.5,6.065565816503781
41.5,4.52,42.5,9,133.3153,13.1310835,2.2,4.978387115652765
41.5,3.14,42.5,10,133.3153,13.1310835,-9.6,3.6643723588571135
41.5,2.16,42.5,11,133.3153,13.1310835,-18.9,2.6961015961306023
41.5,1.68,42.5,12,133.3153,13.1310835,-23.0,2.18500003663587
41.5,2.04,43.0,1,315.0,2.7251644,-20.9,1.906504250653451
41.5,3.13,43.0,2,315.0,2.7251644,-13.0,2.9789345608154085
41.5,3.65,43.0,3,315.0,2.7251644,-2.4,3.52778455572667
41.5,4.88,43.0,4,315.0,2.7251644,9.4,4.7715645140447105
41.5,5.42,43.0,5,315.0,2.7251644,18.8,5.337647141823315
41.5,6.28,43.0,6,315.0,2.7251644,23.1,6.202664114405881
41.5,6.37,43.0,7,315.0,2.7251644,21.2,6.2835772977609965
41.5,6.07,43.0,8,315.0,2.7251644,13.5,5.954629218016312
41.5,4.63,43.0,9,315.0,2.7251644,2.2,4.497359034139716
41.5,3.21,43.0,10,315.0,2.7251644,-9.6,3.0726247753371316
41.5,2.19,43.0,11,315.0,2.7251644,-18.9,2.0579168461568638
41.5,1.69,43.0,12,315.0,2.7251644,-23.0,1.5689695193115953
41.5,2.04,43.25,1,8.841812,10.530619,-20.9,1.3009534401945915
41.5,3.13,43.25,2,8.841812,10.530619,-13.0,2.284839862456128
41.5,3.65,43.25,3,8.841812,10.530619,-2.4,2.9542099805566955
41.5,4.88,43.25,4,8.841812,10.530619,9.4,4.244985342333144
41.5,5.42,43.25,5,8.841812,10.530619,18.8,4.919275031086249
41.5,6.28,43.25,6,8.841812,10.530619,23.1,5.796963621479129
41.5,6.37,43.25,7,8.841812,10.530619,21.2,5.837184154227984
41.5,6.07,43.25,8,8.841812,10.530619,13.5,5.384918236737449
41.5,4.63,43.25,9,8.841812,10.530619,2.2,3.8676561796766085
41.5,3.21,43.25,10,8.841812,10.530619,-9.6,2.4375162089657945
41.5,2.19,43.25,11,8.841812,10.530619,-18.9,1.45692609805368
41.5,1.69,43.25,12,8.841812,10.530619,-23.0,1.021680102858876
41.5,2.04,43.5,1,315.0,2.3363223,-20.9,1.9258230800038356
41.5,3.13,43.5,2,315.0,2.3363223,-13.0,3.000909680357715
41.5,3.65,43.5,3,315.0,2.3363223,-2.4,3.545717629995931
41.5,4.88,43.5,4,315.0,2.3363223,9.4,4.787702792150976
41.5,5.42,43.5,5,315.0,2.3363223,18.8,5.350140769294453
41.5,6.28,43.5,6,315.0,2.3363223,23.1,6.214561341601104
41.5,6.37,43.5,7,315.0,2.3363223,21.2,6.296782761184203
41.5,6.07,43.5,8,315.0,2.3363223,13.5,5.971921160675246
41.5,4.63,43.5,9,315.0,2.3363223,2.2,4.516914416238932
41.5,3.21,43.5,10,315.0,2.3363223,-9.6,3.0926587411040916
41.5,2.19,43.5,11,315.0,2.3363223,-18.9,2.0770549986602114
41.5,1.69,43.5,12,315.0,2.3363223,-23.0,1.586462362080609
41.5,2.04,43.75,1,110.22486,6.1455374,-20.9,2.172692498754942
41.5,3.13,43.75,2,110.22486,6.1455374,-13.0,3.274412662189784
41.5,3.65,43.75,3,110.22486,6.1455374,-2.4,3.7590180986760897
41.5,4.88,43.75,4,110.22486,6.1455374,9.4,4.965248883276045
41.5,5.42,43.75,5,110.22486,6.1455374,18.8,5.472760876336553
41.5,6.28,43.75,6,110.22486,6.1455374,23.1,6.32122514251675
41.5,6.37,43.75,7,110.22486,6.1455374,21.2,6.420598894906303
41.5,6.07,43.75,8,110.22486,6.1455374,13.5,6.154563244996601
41.5,4.63,43.75,9,110.22486,6.1455374,2.2,4.743642864342494
41.5,3.21,43.75,10,110.22486,6.1455374,-9.6,3.338782766478142
41.5,2.19,43.75,11,110.22486,6.1455374,-18.9,2.320088711372252
41.5,1.69,43.75,12,110.22486,6.1455374,-23.0,1.8114175142854598
41.5,1.88,44.0,1,61.38954,7.3902535,-20.9,1.6428868866048225
41.5,2.66,44.0,2,61.38954,7.3902535,-13.0,2.4082110003242967
41.5,3.39,44.0,3,61.38954,7.3902535,-2.4,3.1609056028525413
41.5,4.6,44.0,4,61.38954,7.3902535,9.4,4.384056098419599
41.5,5.35,44.0,5,61.38954,7.3902535,18.8,5.167714989710777
41.5,6.2,44.0,6,61.38954,7.3902535,23.1,6.021462966910773
41.5,6.07,44.0,7,61.38954,7.3902535,21.2,5.8812777263999045
41.5,5.68,44.0,8,61.38954,7.3902535,13.5,5.4467981493444695
41.5,4.2,44.0,9,61.38954,7.3902535,2.2,3.953374119172875
41.5,3.03,44.0,10,61.38954,7.3902535,-9.6,2.7735398437807754
41.5,2.16,44.0,11,61.38954,7.3902535,-18.9,1.9078616858149042
41.5,1.62,44.0,12,61.38954,7.3902535,-23.0,1.3973473411254382
41.5,1.88,44.25,1,333.23248,28.942043,-20.9,0.09144317061975821
41.5,2.66,44.25,2,333.23248,28.942043,-13.0,0.7165316443333217
41.5,3.39,44.25,3,333.23248,28.942043,-2.4,1.5570996363236973
41.5,4.6,44.25,4,333.23248,28.942043,9.4,2.7787402939014996
41.5,5.35,44.25,5,333.23248,28.942043,18.8,3.714888827395079
41.5,6.2,44.25,6,333.23248,28.942043,23.1,4.534554769533629
41.5,6.07,44.25,7,333.23248,28.942043,21.2,4.341767155482969
41.5,5.68,44.25,8,333.23248,28.942043,13.5,3.6657304702925537
41.5,4.2,44.25,9,333.23248,28.942043,2.2,2.1901579553298434
41.5,3.03,44.25,10,333.23248,28.942043,-9.6,1.029115372007926
41.5,2.16,44.25,11,333.23248,28.942043,-18.9,0.24739041721525654
41.5,1.62,44.25,12,333.23248,28.942043,-23.0,0.0
41.5,1.88,44.5,1,104.03624,2.5470273,-20.9,1.9169020334847018
41.5,2.66,44.5,2,104.03624,2.5470273,-13.0,2.6975657484427322
41.5,3.39,44.5,3,104.03624,2.5470273,-2.4,3.4218121254625915
41.5,4.6,44.5,4,104.03624,2.5470273,9.4,4.626556675341277
41.5,5.35,44.5,5,104.03624,2.5470273,18.8,5.368835594486588
41.5,6.2,44.5,6,104.03624,2.5470273,23.1,6.216104433049166
41.5,6.07,44.5,7,104.03624,2.5470273,21.2,6.088204135470725
41.5,5.68,44.5,8,104.03624,2.5470273,13.5,5.706939760709182
41.5,4.2,44.5,9,104.03624,2.5470273,2.2,4.232902291668373
41.5,3.03,44.5,10,104.03624,2.5470273,-9.6,3.0674797790551955
41.5,2.16,44.5,11,104.03624,2.5470273,-18.9,2.198847643737187
41.5,1.62,44.5,12,104.03624,2.5470273,-23.0,1.6550064167044167
41.5,1.88,44.75,1,15.255112,2.713542,-20.9,1.713641996090385
41.5,2.66,44.75,2,15.255112,2.713542,-13.0,2.486689314970585
41.5,3.39,44.75,3,15.255112,2.713542,-2.4,3.2371967135682045
41.5,4.6,44.75,4,15.255112,2.713542,9.4,4.463045278989177
41.5,5.35,44.75,5,15.255112,2.713542,18.8,5.241783999393561
41.5,6.2,44.75,6,15.255112,2.713542,23.1,6.0988462091483475
41.5,6.07,44.75,7,15.255112,2.713542,21.2,5.9606383308883935
41.5,5.68,44.75,8,15.255112,2.713542,13.5,5.535689487390836
41.5,4.2,44.75,9,15.255112,2.713542,2.2,4.038277630930261
41.5,3.03,44.75,10,15.255112,2.713542,-9.6,2.855089750745598
41.5,2.16,44.75,11,15.255112,2.713542,-18.9,1.9839109259549303
41.5,1.62,44.75,12,15.255112,2.713542,-23.0,1.4630550539184788
41.5,1.92,45.0,1,188.1301,8.199978,-20.9,2.418926468317485
41.5,2.61,45.0,2,188.1301,8.199978,-13.0,3.0999608579979574
41.5,3.49,45.0,3,188.1301,8.199978,-2.4,3.92852315229119
41.5,4.84,45.0,4,188.1301,8.199978,9.4,5.219203270536234
41.5,5.7,45.0,5,188.1301,8.199978,18.8,5.978384927232867
41.5,6.55,45.0,6,188.1301,8.199978,23.1,6.790683892175623
41.5,6.35,45.0,7,188.1301,8.199978,21.2,6.6167376318555
41.5,5.88,45.0,8,188.1301,8.199978,13.5,6.261324077567616
41.5,4.34,45.0,9,188.1301,8.199978,2.2,4.797189086738877
41.5,3.05,45.0,10,188.1301,8.199978,-9.6,3.5525218073414786
41.5,2.15,45.0,11,188.1301,8.199978,-18.9,2.6623977813504824
41.5,1.65,45.0,12,188.1301,8.199978,-23.0,2.121566528500625
41.5,1.92,45.25,1,330.25513,4.091289,-20.9,1.6876047692929725
41.5,2.61,45.25,2,330.25513,4.091289,-13.0,2.376684909952558
41.5,3.49,45.25,3,330.25513,4.091289,-2.4,3.273062120876312
41.5,4.84,45.25,4,330.25513,4.091289,9.4,4.639591566940632
41.5,5.7,45.25,5,330.25513,4.091289,18.8,5.537773868202226
41.5,6.55,45.25,6,330.25513,4.091289,23.1,6.398335499470668
41.5,6.35,45.25,7,330.25513,4.091289,21.2,6.188311874891801
41.5,5.88,45.25,8,330.25513,4.091289,13.5,5.67134603508685
41.5,4.34,45.25,9,330.25513,4.091289,2.2,4.108894272857334
41.5,3.05,45.25,10,330.25513,4.091289,-9.6,2.8080792902881035
41.5,2.15,45.25,11,330.25513,4.091289,-18.9,1.9100768367754133
41.5,1.65,45.25,12,330.25513,4.091289,-23.0,1.4315073096083184
41.5,1.92,45.5,1,225.0,3.890042,-20.9,2.091757494611444
41.5,2.61,45.5,2,225.0,3.890042,-13.0,2.779518440882515
41.5,3.49,45.5,3,225.0,3.890042,-2.4,3.6430715892805727
41.5,4.84,45.5,4,225.0,3.890042,9.4,4.974496466934925
41.5,5.7,45.5,5,225.0,3.890042,18.8,5.801248997845093
41.5,6.55,45.5,6,225.0,3.890042,23.1,6.639434134061837
41.5,6.35,45.5,7,225.0,3.890042,21.2,6.448052048346755
41.5,5.88,45.5,8,225.0,3.890042,13.5,6.016433426170746
41.5,4.34,45.5,9,225.0,3.890042,2.2,4.500407578482764
41.5,3.05,45.5,10,225.0,3.890042,-9.6,3.2243006967888217
41.5,2.15,45.5,11,225.0,3.890042,-18.9,2.3266034284703485
41.5,1.65,45.5,12,225.0,3.890042,-23.0,1.8121460717189084
41.5,1.92,45.75,1,180.0,3.2391343,-20.9,2.124448385264063
41.5,2.61,45.75,2,180.0,3.2391343,-13.0,2.8125812008829842
41.5,3.49,45.75,3,180.0,3.2391343,-2.4,3.674191339741687
41.5,4.84,45.75,4,180.0,3.2391343,9.4,5.00381924229018
41.5,5.7,45.75,5,180.0,3.2391343,18.8,5.8256183601596065
41.5,6.55,45.75,6,180.0,3.2391343,23.1,6.662650828748668
41.5,6.35,45.75,7,180.0,3.2391343,21.2,6.472578269677235
41.5,5.88,45.75,8,180.0,3.2391343,13.5,6.0472614267263065
41.5,4.34,45.75,9,180.0,3.2391343,2.2,4.533780745412093
41.5,3.05,45.75,10,180.0,3.2391343,-9.6,3.2587050837455527
41.5,2.15,45.75,11,180.0,3.2391343,-18.9,2.3604128941075038
41.5,1.65,45.75,12,180.0,3.2391343,-23.0,1.8428261757382403
41.5,1.82,46.0,1,201.37062,17.515009,-20.9,2.7113110563756373
41.5,2.47,46.0,2,201.37062,17.515009,-13.0,3.325983528946808
41.5,3.36,46.0,3,201.37062,17.515009,-2.4,4.110425829061688
41.5,4.65,46.0,4,201.37062,17.515009,9.4,5.251926877321263
41.5,5.57,46.0,5,201.37062,17.515009,18.8,5.964771498192556
41.5,6.61,46.0,6,201.37062,17.515009,23.1,6.919805118462589
41.5,6.29,46.0,7,201.37062,17.515009,21.2,6.65048296233555
41.5,5.88,46.0,8,201.37062,17.515009,13.5,6.483620195193718
41.5,4.38,46.0,9,201.37062,17.515009,2.2,5.181673818916868
41.5,2.98,46.0,10,201.37062,17.515009,-9.6,3.876895322081488
41.5,2.1,46.0,11,201.37062,17.515009,-18.9,3.0386786083573663
41.5,1.57,46.0,12,201.37062,17.515009,-23.0,2.4197173293988308
41.5,1.82,46.25,1,120.96376,1.7130955,-20.9,1.872731983268767
41.5,2.47,46.25,2,120.96376,1.7130955,-13.0,2.5221565156321284
41.5,3.36,46.25,3,120.96376,1.7130955,-2.4,3.40823021572538
41.5,4.65,46.25,4,120.96376,1.7130955,9.4,4.692786267261539
41.5,5.57,46.25,5,120.96376,1.7130955,18.8,5.6033472517198515
41.5,6.61,46.25,6,120.96376,1.7130955,23.1,6.640865600383388
41.5,6.29,46.25,7,120.96376,1.7130955,21.2,6.322975619534956
41.5,5.88,46.25,8,120.96376,1.7130955,13.5,5.925458963421731
41.5,4.38,46.25,9,120.96376,1.7130955,2.2,4.4331820027725835
41.5,2.98,46.25,10,120.96376,1.7130955,-9.6,3.035471396924436
41.5,2.1,46.25,11,120.96376,1.7130955,-18.9,2.1559187582522408
41.5,1.57,46.25,12,120.96376,1.7130955,-23.0,1.6199249944712
41.75,1.64,41.75,1,166.2184,12.720288,-20.9,2.2778002326934863
41.75,2.35,41.75,2,166.2184,12.720288,-13.0,3.003419630072257
41.75,3.28,41.75,3,166.2184,12.720288,-2.4,3.8804246517696686
41.75,4.67,41.75,4,166.2184,12.720288,9.4,5.1879493020046406
41.75,5.44,41.75,5,166.2184,12.720288,18.8,5.799102378204798
41.75,5.87,41.75,6,166.2184,12.720288,23.1,6.149610222818394
41.75,5.45,41.75,7,166.2184,12.720288,21.2,5.7531594330959575
41.75,5.16,41.75,8,166.2184,12.720288,13.5,5.626276809901509
41.75,4.18,41.75,9,166.2184,12.720288,2.2,4.815596943201022
41.75,2.94,41.75,10,166.2184,12.720288,-9.6,3.6540262597618614
41.75,2.05,41.75,11,166.2184,12.720288,-18.9,2.77930649735783
41.75,1.45,41.75,12,166.2184,12.720288,-23.0,2.0718887442614715
41.75,1.95,42.0,1,329.3814,26.905876,-20.9,0.2707582434128471
41.75,2.92,42.0,2,329.3814,26.905876,-13.0,0.994889214910394
41.75,3.73,42.0,3,329.3814,26.905876,-2.4,1.9161169357124548
41.75,4.87,42.0,4,329.3814,26.905876,9.4,3.1415667218630516
41.75,5.35,42.0,5,329.3814,26.905876,18.8,3.8886333016974883
41.75,6.04,42.0,6,329.3814,26.905876,23.1,4.59229553779143
41.75,5.92,42.0,7,329.3814,26.905876,21.2,4.414901757913212
41.75,5.74,42.0,8,329.3814,26.905876,13.5,3.91755553271013
41.75,4.52,42.0,9,329.3814,26.905876,2.2,2.577103945436058
41.75,3.14,42.0,10,329.3814,26.905876,-9.6,1.2710355678629905
41.75,2.16,42.0,11,329.3814,26.905876,-18.9,0.43028412370325764
41.75,1.68,42.0,12,329.3814,26.905876,-23.0,0.11093708566030129
41.75,1.95,42.25,1,237.99461,40.93691,-20.9,2.7822924194615735
41.75,2.92,42.25,2,237.99461,40.93691,-13.0,3.6406770556658823
41.75,3.73,42.25,3,237.99461,40.93691,-2.4,4.075202952287903
41.75,4.87,42.25,4,237.99461,40.93691,9.4,4.75015370478389
41.75,5.35,42.25,5,237.99461,40.93691,18.8,4.828275358978118
41.75,6.04,42.25,6,237.99461,40.93691,23.1,5.270735128944209
41.75,5.92,42.25,7,237.99461,40.93691,21.2,5.2428466389983805
41.75,5.74,42.25,8,237.99461,40.93691,13.5,5.407231702226705
41.75,4.52,42.25,9,237.99461,40.93691,2.2,4.710780938356203
41.75,3.14,42.25,10,237.99461,40.93691,-9.6,3.7355681778109755
41.75,2.16,42.25,11,237.99461,40.93691,-18.9,2.965671319324705
41.75,1.68,42.25,12,237.99461,40.93691,-23.0,2.506138797030114
41.75,1.95,42.5,1,265.3999,25.479664,-20.9,1.8904094256074004
41.75,2.92,42.5,2,265.3999,25.479664,-13.0,2.778545379514734
41.75,3.73,42.5,3,265.3999,25.479664,-2.4,3.4921409550839084
41.75,4.87,42.5,4,265.3999,25.479664,9.4,4.502759081430952
41.75,5.35,42.5,5,265.3999,25.479664,18.8,4.907809451771424
41.75,6.04,42.5,6,265.3999,25.479664,23.1,5.522871035906129
41.75,5.92,42.5,7,265.3999,25.479664,21.2,5.420778061051703
41.75,5.74,42.5,8,265.3999,25.479664,13.5,5.288126519083022
41.75,4.52,42.5,9,265.3999,25.479664,2.2,4.2091575284532246
41.75,3.14,42.5,10,265.3999,25.479664,-9.6,2.970063648997184
41.75,2.16,42.5,11,265.3999,25.479664,-18.9,2.0824421815345335
41.75,1.68,42.5,12,265.3999,25.479664,-23.0,1.6394983047055347
41.75,1.95,42.75,1,4.9502716,27.334368,-20.9,0.007615101486527091
41.75,2.92,42.75,2,4.9502716,27.334368,-13.0,0.7038288086170429
41.75,3.73,42.75,3,4.9502716,27.334368,-2.4,1.6570456903349853
41.75,4.87,42.75,4,4.9502716,27.334368,9.4,2.915096919656795
41.75,5.35,42.75,5,4.9502716,27.334368,18.8,3.7162627600718285
41.75,6.04,42.75,6,4.9502716,27.334368,23.1,4.433008609769529
41.75,5.92,42.75,7,4.9502716,27.334368,21.2,4.243727507490853
41.75,5.74,42.75,8,4.9502716,27.334368,13.5,3.688148640190348
41.75,4.52,42.75,9,4.9502716,27.334368,2.2,2.307740394231283
41.75,3.14,42.75,10,4.9502716,27.334368,-9.6,0.9931948040690143
41.75,2.16,42.75,11,4.9502716,27.334368,-18.9,0.16157839708994082
41.75,1.68,42.75,12,4.9502716,27.334368,-23.0,0.0
41.75,2.04,43.0,1,270.49823,32.162117,-20.9,1.70869639827049
41.75,3.13,43.0,2,270.49823,32.162117,-13.0,2.629186409020915
41.75,3.65,43.0,3,270.49823,32.162117,-2.4,3.0734891280148093
41.75,4.88,43.0,4,270.49823,32.162117,9.4,4.11683350966726
41.75,5.42,43.0,5,270.49823,32.162117,18.8,4.577652059838736
41.75,6.28,43.0,6,270.49823,32.162117,23.1,5.306493466757879
41.75,6.37,43.0,7,270.49823,32.162117,21.2,5.381440039456427
41.75,6.07,43.0,8,270.49823,32.162117,13.5,5.123432948506326
41.75,4.63,43.0,9,270.49823,32.162117,2.2,3.901806575069435
41.75,3.21,43.0,10,270.49823,32.162117,-9.6,2.698830719256477
41.75,2.19,43.0,11,270.49823,32.162117,-18.9,1.835906916703367
41.75,1.69,43.0,12,270.49823,32.162117,-23.0,1.4140750051887334
41.75,2.04,43.25,1,357.6467,30.587513,-20.9,0.0
41.75,3.13,43.25,2,357.6467,30.587513,-13.0,0.4427343984091108
41.75,3.65,43.25,3,357.6467,30.587513,-2.4,1.3406234644518726
41.75,4.88,43.25,4,357.6467,30.587513,9.4,2.629436109102366
41.75,5.42,43.25,5,357.6467,30.587513,18.8,3.49895099760505
41.75,6.28,43.25,6,357.6467,30.587513,23.1,4.328521802342825
41.75,6.37,43.25,7,357.6467,30.587513,21.2,4.2695236044975795
41.75,6.07,43.25,8,357.6467,30.587513,13.5,3.567135784991702
41.75,4.63,43.25,9,357.6467,30.587513,2.2,2.0418035188406285
41.75,3.21,43.25,10,357.6467,30.587513,-9.6,0.7225679290994732
41.75,2.19,43.25,11,357.6467,30.587513,-18.9,0.0
41.75,1.69,43.25,12,357.6467,30.587513,-23.0,0.0
41.75,2.04,43.5,1,281.30994,4.7394857,-20.9,1.969115681997156
41.75,3.13,43.5,2,281.30994,4.7394857,-13.0,3.047531733045147
41.75,3.65,43.5,3,281.30994,4.7394857,-2.4,3.5801036118247787
41.75,4.88,43.5,4,281.30994,4.7394857,9.4,4.813227093793433
41.75,5.42,43.5,5,281.30994,4.7394857,18.8,5.364277532839087
41.75,6.28,43.5,6,281.30994,4.7394857,23.1,6.224181029723536
41.75,6.37,43.5,7,281.30994,4.7394857,21.2,6.309523652419536
41.75,6.07,43.5,8,281.30994,4.7394857,13.5,5.996394372143409
41.75,4.63,43.5,9,281.30994,4.7394857,2.2,4.552212423011856
41.75,3.21,43.5,10,281.30994,4.7394857,-9.6,3.1339819322460616
41.75,2.19,43.5,11,281.30994,4.7394857,-18.9,2.1194034713128707
41.75,1.69,43.5,12,281.30994,4.7394857,-23.0,1.6261567418450997
41.75,2.04,43.75,1,255.46555,16.732687,-20.9,2.2385902726043754
41.75,3.13,43.75,2,255.46555,16.732687,-13.0,3.317471480863093
41.75,3.65,43.75,3,255.46555,16.732687,-2.4,3.751468141153395
41.75,4.88,43.75,4,255.46555,16.732687,9.4,4.896707186688987
41.75,5.42,43.75,5,255.46555,16.732687,18.8,5.3563361188143706
41.75,6.28,43.75,6,255.46555,16.732687,23.1,6.167240574454012
41.75,6.37,43.75,7,255.46555,16.732687,21.2,6.272824686269817
41.75,6.07,43.75,8,255.46555,16.732687,13.5,6.048644052893181
41.75,4.63,43.75,9,255.46555,16.732687,2.2,4.710218188832733
41.75,3.21,43.75,10,255.46555,16.732687,-9.6,3.364103258522468
41.75,2.19,43.75,11,255.46555,16.732687,-18.9,2.37866880291057
41.75,1.69,43.75,12,255.46555,16.732687,-23.0,1.877350351353909
41.75,1.88,44.0,1,32.471195,16.34918,-20.9,0.9408146830254752
41.75,2.66,44.0,2,32.471195,16.34918,-13.0,1.6586000381516224
41.75,3.39,44.0,3,32.471195,16.34918,-2.4,2.471395175692005
41.75,4.6,44.0,4,32.471195,16.34918,9.4,3.7220601070303156
41.75,5.35,44.0,5,32.471195,16.34918,18.8,4.595666669516165
41.75,6.2,44.0,6,32.471195,16.34918,23.1,5.452351319611593
41.75,6.07,44.0,7,32.471195,16.34918,21.2,5.284157236855902
41.75,5.68,44.0,8,32.471195,16.34918,13.5,4.725532778439587
41.75,4.2,44.0,9,32.471195,16.34918,2.2,3.206490488357241
41.75,3.03,44.0,10,32.471195,16.34918,-9.6,2.0076977446025217
41.75,2.16,44.0,11,32.471195,16.34918,-18.9,1.1604360436970638
41.75,1.62,44.0,12,32.471195,16.34918,-23.0,0.7387665878586753
41.75,1.88,44.25,1,328.49573,9.245395,-20.9,1.3576973759227136
41.75,2.66,44.25,2,328.49573,9.245395,-13.0,2.10987129805938
41.75,3.39,44.25,3,328.49573,9.245395,-2.4,2.89517123666504
41.75,4.6,44.25,4,328.49573,9.245395,9.4,4.141130032398864
41.75,5.35,44.25,5,328.49573,9.245395,18.8,4.970176950384622
41.75,6.2,44.25,6,328.49573,9.245395,23.1,5.8328157859229925
41.75,6.07,44.25,7,328.49573,9.245395,21.2,5.679441873883448
41.75,5.68,44.25,8,328.49573,9.245395,13.5,5.188148208633802
41.75,4.2,44.25,9,328.49573,9.245395,2.2,3.6703354436676476
41.75,3.03,44.25,10,328.49573,9.245395,-9.6,2.471637931230135
41.75,2.16,44.25,11,328.49573,9.245395,-18.9,1.6057638001799766
41.75,1.62,44.25,12,328.49573,9.245395,-23.0,1.1284378547955574
41.75,1.88,44.5,1,130.69553,32.940872,-20.9,2.866462541408315
41.75,2.66,44.5,2,130.69553,32.940872,-13.0,3.5668607850828113
41.75,3.39,44.5,3,130.69553,32.940872,-2.4,4.011816413786567
41.75,4.6,44.5,4,130.69553,32.940872,9.4,4.8935258412937035
41.75,5.35,44.5,5,130.69553,32.940872,18.8,5.29312725356759
41.75,6.2,44.5,6,130.69553,32.940872,23.1,5.945179165652645
41.75,6.07,44.5,7,130.69553,32.940872,21.2,5.900950949835901
41.75,5.68,44.5,8,130.69553,32.940872,13.5,5.848951301857651
41.75,4.2,44.5,9,130.69553,32.940872,2.2,4.754526724640051
41.75,3.03,44.5,10,130.69553,32.940872,-9.6,3.886246576922162
41.75,2.16,44.5,11,130.69553,32.940872,-18.9,3.1746889870401698
41.75,1.62,44.5,12,130.69553,32.940872,-23.0,2.577436435165206
41.75,1.88,44.75,1,42.137596,15.019948,-20.9,1.1172901620310072
41.75,2.66,44.75,2,42.137596,15.019948,-13.0,1.8458198440788078
41.75,3.39,44.75,3,42.137596,15.019948,-2.4,2.6417648123537427
41.75,4.6,44.75,4,42.137596,15.019948,9.4,3.8829249227392038
41.75,5.35,44.75,5,42.137596,15.019948,18.8,4.7318659721635035
41.75,6.2,44.75,6,42.137596,15.019948,23.1,5.586048513265498
41.75,6.07,44.75,7,42.137596,15.019948,21.2,5.425329160995377
41.75,5.68,44.75,8,42.137596,15.019948,13.5,4.8994396969750476
41.75,4.2,44.75,9,42.137596,15.019948,2.2,3.3899823097197617
41.75,3.03,44.75,10,42.137596,15.019948,-9.6,2.1983715439151075
41.75,2.16,44.75,11,42.137596,15.019948,-18.9,1.3480271630275256
41.75,1.62,44.75,12,42.137596,15.019948,-23.0,0.9045605629220688
41.75,1.92,45.0,1,32.735226,8.530402,-20.9,1.4355953459076756
41.75,2.61,45.0,2,32.735226,8.530402,-13.0,2.1203222949567055
41.75,3.49,45.0,3,32.735226,8.530402,-2.4,3.028657196950133
41.75,4.84,45.0,4,32.735226,8.530402,9.4,4.403940196383931
41.75,5.7,45.0,5,32.735226,8.530402,18.8,5.335779623394315
41.75,6.55,45.0,6,32.735226,8.530402,23.1,6.201700070853078
41.75,6.35,45.0,7,32.735226,8.530402,21.2,5.982725467606089
41.75,5.88,45.0,8,32.735226,8.530402,13.5,5.420730783793601
41.75,4.34,45.0,9,32.735226,8.530402,2.2,3.8447942139820266
41.75,3.05,45.0,10,32.735226,8.530402,-9.6,2.5403851117429506
41.75,2.15,45.0,11,32.735226,8.530402,-18.9,1.6491443522690612
41.75,1.65,45.0,12,32.735226,8.530402,-23.0,1.1952193144679917
41.75,1.92,45.25,1,270.0,6.2408447,-20.9,1.9086215450566266
41.75,2.61,45.25,2,270.0,6.2408447,-13.0,2.5945324128113514
41.75,3.49,45.25,3,270.0,6.2408447,-2.4,3.4693172876289724
41.75,4.84,45.25,4,270.0,6.2408447,9.4,4.811316811496913
41.75,5.7,45.25,5,270.0,6.2408447,18.8,5.66622021188686
41.75,6.55,45.25,6,270.0,6.2408447,23.1,6.51118287506297
41.75,6.35,45.25,7,270.0,6.2408447,21.2,6.312368130786239
41.75,5.88,45.25,8,270.0,6.2408447,13.5,5.8451534817359185
41.75,4.34,45.25,9,270.0,6.2408447,2.2,4.314279950805083
41.75,3.05,45.25,10,270.0,6.2408447,-9.6,3.031924850220162
41.75,2.15,45.25,11,270.0,6.2408447,-18.9,2.1372585009748684
41.75,1.65,45.25,12,270.0,6.2408447,-23.0,1.6402216402830383
41.75,1.92,45.5,1,207.75854,10.678389,-20.9,2.495410935509885
41.75,2.61,45.5,2,207.75854,10.678389,-13.0,3.1703603969678613
41.75,3.49,45.5,3,207.75854,10.678389,-2.4,3.9850920209077496
41.75,4.84,45.5,4,207.75854,10.678389,9.4,5.258862346328514
41.75,5.7,45.5,5,207.75854,10.678389,18.8,5.997060283958138
41.75,6.55,45.5,6,207.75854,10.678389,23.1,6.799061822219043
41.75,6.35,45.5,7,207.75854,10.678389,21.2,6.630368024128963
41.75,5.88,45.5,8,207.75854,10.678389,13.5,6.296233302474738
41.75,4.34,45.5,9,207.75854,10.678389,2.2,4.852515672966561
41.75,3.05,45.5,10,207.75854,10.678389,-9.6,3.6225442787498254
41.75,2.15,45.5,11,207.75854,10.678389,-18.9,2.7397030720545765
41.75,1.65,45.5,12,207.75854,10.678389,-23.0,2.1950819456753456
41.75,1.92,45.75,1,344.8989,15.168599,-20.9,0.915370075016547
41.75,2.61,45.75,2,344.8989,15.168599,-13.0,1.586109073383884
41.75,3.49,45.75,3,344.8989,15.168599,-2.4,2.5125278214003637
41.75,4.84,45.75,4,344.8989,15.168599,9.4,3.8969198267463288
41.75,5.7,45.75,5,344.8989,15.168599,18.8,4.891668071724997
41.75,6.55,45.75,6,344.8989,15.168599,23.1,5.76332537857913
41.75,6.35,45.75,7,344.8989,15.168599,21.2,5.527397198320628
41.75,5.88,45.75,8,344.8989,15.168599,13.5,4.876989575284679
41.75,4.34,45.75,9,344.8989,15.168599,2.2,3.283391999089611
41.75,3.05,45.75,10,344.8989,15.168599,-9.6,1.9802691116669242
41.75,2.15,45.75,11,344.8989,15.168599,-18.9,1.109201194708769
41.75,1.65,45.75,12,344.8989,15.168599,-23.0,0.7087070645908872
41.75,1.82,46.0,1,333.43494,1.1182944,-20.9,1.7582309556141276
41.75,2.47,46.0,2,333.43494,1.1182944,-13.0,2.4085204942443954
41.75,3.36,46.0,3,333.43494,1.1182944,-2.4,3.3024219857241426
41.75,4.65,46.0,4,333.43494,1.1182944,9.4,4.597700596197541
41.75,5.57,46.0,5,333.43494,1.1182944,18.8,5.527766952944266
41.75,6.61,46.0,6,333.43494,1.1182944,23.1,6.569797260989566
41.75,6.29,46.0,7,333.43494,1.1182944,21.2,6.247640241367714
41.75,5.88,46.0,8,333.43494,1.1182944,13.5,5.823728112278842
41.75,4.38,46.0,9,333.43494,1.1182944,2.2,4.316026191294644
41.75,2.98,46.0,10,333.43494,1.1182944,-9.6,2.9143850558658717
41.75,2.1,46.0,11,333.43494,1.1182944,-18.9,2.034409379360195
41.75,1.57,46.0,12,333.43494,1.1182944,-23.0,1.5115912737229817
42.0,1.59,42.0,1,63.434948,2.6700764,-20.9,1.523541861365364
42.0,2.29,42.0,2,63.434948,2.6700764,-13.0,2.2193792638405463
42.0,3.13,42.0,3,63.434948,2.6700764,-2.4,3.0627451543648947
42.0,4.48,42.0,4,63.434948,2.6700764,9.4,4.415447076402566
42.0,5.19,42.0,5,63.434948,2.6700764,18.8,5.138022984053221
42.0,5.97,42.0,6,63.434948,2.6700764,23.1,5.920935524533656
42.0,5.8,42.0,7,63.434948,2.6700764,21.2,5.747802888737338
42.0,5.73,42.0,8,63.434948,2.6700764,13.5,5.6589638214494995
42.0,4.4,42.0,9,63.434948,2.6700764,2.2,4.318849294867381
42.0,2.97,42.0,10,63.434948,2.6700764,-9.6,2.8887087533366005
42.0,1.99,42.0,11,63.434948,2.6700764,-18.9,1.9133535975327343
42.0,1.43,42.0,12,63.434948,2.6700764,-23.0,1.3645590575305007
42.0,1.59,42.25,1,,0.0,-20.9,1.59
42.0,2.29,42.25,2,,0.0,-13.0,2.29
42.0,3.13,42.25,3,,0.0,-2.4,3.13
42.0,4.48,42.25,4,,0.0,9.4,4.48
42.0,5.19,42.25,5,,0.0,18.8,5.19
42.0,5.97,42.25,6,,0.0,23.1,5.97
42.0,5.8,42.25,7,,0.0,21.2,5.8
42.0,5.73,42.25,8,,0.0,13.5,5.73
42.0,4.4,42.25,9,,0.0,2.2,4.4
42.0,2.97,42.25,10,,0.0,-9.6,2.97
42.0,1.99,42.25,11,,0.0,-18.9,1.99
42.0,1.43,42.25,12,,0.0,-23.0,1.43
42.0,1.59,42.5,1,212.09259,17.36706,-20.9,2.3032460906757017
42.0,2.29,42.5,2,212.09259,17.36706,-13.0,3.0126365182449937
42.0,3.13,42.5,3,212.09259,17.36706,-2.4,3.7624172398123212
42.0,4.48,42.5,4,212.09259,17.36706,9.4,5.0002867600041
42.0,5.19,42.5,5,212.09259,17.36706,18.8,5.515913785564921
42.0,5.97,42.5,6,212.09259,17.36706,23.1,6.214723324978719
42.0,5.8,42.5,7,212.09259,17.36706,21.2,6.09273816344358
42.0,5.73,42.5,8,212.09259,17.36706,13.5,6.255524614125771
42.0,4.4,42.5,9,212.09259,17.36706,2.2,5.126455638600772
42.0,2.97,42.5,10,212.09259,17.36706,-9.6,3.7821967759592363
42.0,1.99,42.5,11,212.09259,17.36706,-18.9,2.803407176981026
42.0,1.43,42.5,12,212.09259,17.36706,-23.0,2.1403016759543267
42.0,1.59,42.75,1,330.124,25.697647,-20.9,0.26447115997420373
42.0,2.29,42.75,2,330.124,25.697647,-13.0,0.8338274189132546
42.0,3.13,42.75,3,330.124,25.697647,-2.4,1.6679527868397832
42.0,4.48,42.75,4,330.124,25.697647,9.4,2.9596461643734293
42.0,5.19,42.75,5,330.124,25.697647,18.8,3.840302633260046
42.0,5.97,42.75,6,330.124,25.697647,23.1,4.611004710826964
42.0,5.8,42.75,7,330.124,25.697647,21.2,4.397950440381796
42.0,5.73,42.75,8,330.124,25.697647,13.5,3.9934983732871823
42.0,4.4,42.75,9,330.124,25.697647,2.2,2.586437505742091
42.0,2.97,42.75,10,330.124,25.697647,-9.6,1.2673163433741488
42.0,1.99,42.75,11,330.124,25.697647,-18.9,0.44887077208637244
42.0,1.43,42.75,12,330.124,25.697647,-23.0,0.13551914508127785
42.0,1.72,43.0,1,107.037766,34.806698,-20.9,1.9744127376309728
42.0,2.52,43.0,2,107.037766,34.806698,-13.0,2.6710433988027176
42.0,3.31,43.0,3,107.037766,34.806698,-2.4,3.259900344101955
42.0,4.43,43.0,4,107.037766,34.806698,9.4,4.111227193829072
42.0,5.11,43.0,5,107.037766,34.806698,18.8,4.562030234229664
42.0,5.87,43.0,6,107.037766,34.806698,23.1,5.155881560127834
42.0,5.9,43.0,7,107.037766,34.806698,21.2,5.2192235857525
42.0,5.79,43.0,8,107.037766,34.806698,13.5,5.279848429932945
42.0,4.37,43.0,9,107.037766,34.806698,2.2,4.197072728582994
42.0,2.99,43.0,10,107.037766,34.806698,-9.6,3.0859711170820314
42.0,2.03,43.0,11,107.037766,34.806698,-18.9,2.2767839136426002
42.0,1.52,43.0,12,107.037766,34.806698,-23.0,1.7932164880602544
42.0,1.72,43.25,1,260.13422,26.89317,-20.9,1.7944831736603004
42.0,2.52,43.25,2,260.13422,26.89317,-13.0,2.526391143507115
42.0,3.31,43.25,3,260.13422,26.89317,-2.4,3.203243516474476
42.0,4.43,43.25,4,260.13422,26.89317,9.4,4.17047387859872
42.0,5.11,43.25,5,260.13422,26.89317,18.8,4.727102443750347
42.0,5.87,43.25,6,260.13422,26.89317,23.1,5.3909282501850075
42.0,5.9,43.25,7,260.13422,26.89317,21.2,5.435621659324615
42.0,5.79,43.25,8,260.13422,26.89317,13.5,5.407464862698179
42.0,4.37,43.25,9,260.13422,26.89317,2.2,4.179572499065803
42.0,2.99,43.25,10,260.13422,26.89317,-9.6,2.9590086039817347
42.0,2.03,43.25,11,260.13422,26.89317,-18.9,2.093123970991916
42.0,1.52,43.25,12,260.13422,26.89317,-23.0,1.6082445267918566
42.0,1.72,43.5,1,201.529,26.538837,-20.9,2.935777159888966
42.0,2.52,43.5,2,201.529,26.538837,-13.0,3.750302387048063
42.0,3.31,43.5,3,201.529,26.538837,-2.4,4.308455871489619
42.0,4.43,43.5,4,201.529,26.538837,9.4,5.140745847209668
42.0,5.11,43.5,5,201.529,26.538837,18.8,5.481863206159744
42.0,5.87,43.5,6,201.529,26.538837,23.1,6.086803938608396
42.0,5.9,43.5,7,201.529,26.538837,21.2,6.209840650353004
42.0,5.79,43.5,8,201.529,26.538837,13.5,6.486544446986295
42.0,4.37,43.5,9,201.529,26.538837,2.2,5.422833295121374
42.0,2.99,43.5,10,201.529,26.538837,-9.6,4.242894773506661
42.0,2.03,43.5,11,201.529,26.538837,-18.9,3.331990062037489
42.0,1.52,43.5,12,201.529,26.538837,-23.0,2.714654148177105
42.0,1.72,43.75,1,188.1301,1.650828,-20.9,1.815142984793907
42.0,2.52,43.75,2,188.1301,1.650828,-13.0,2.621591540686821
42.0,3.31,43.75,3,188.1301,1.650828,-2.4,3.401066977278074
42.0,4.43,43.75,4,188.1301,1.650828,9.4,4.508958207484218
42.0,5.11,43.75,5,188.1301,1.650828,18.8,5.1703396490995575
42.0,5.87,43.75,6,188.1301,1.650828,23.1,5.9248794506303275
42.0,5.9,43.75,7,188.1301,1.650828,21.2,5.96146767625512
42.0,5.79,43.75,8,188.1301,1.650828,13.5,5.877251993657418
42.0,4.37,43.75,9,188.1301,1.650828,2.2,4.47202188628178
42.0,2.99,43.75,10,188.1301,1.650828,-9.6,3.0963447227978445
42.0,2.03,43.75,11,188.1301,1.650828,-18.9,2.1331711539405798
42.0,1.52,43.75,12,188.1301,1.650828,-23.0,1.6123306401722717
42.0,1.84,44.0,1,215.53767,2.25322,-20.9,1.953612815985507
42.0,2.7,44.0,2,215.53767,2.25322,-13.0,2.8212763734818176
42.0,3.44,44.0,3,215.53767,2.25322,-2.4,3.545114083898269
42.0,4.45,44.0,4,215.53767,2.25322,9.4,4.537607282560629
42.0,5.05,44.0,5,215.53767,2.25322,18.8,5.11534158599994
42.0,5.81,44.0,6,215.53767,2.25322,23.1,5.869148045368314
42.0,5.84,44.0,7,215.53767,2.25322,21.2,5.906457591847896
42.0,5.64,44.0,8,215.53767,2.25322,13.5,5.73360967952544
42.0,4.23,44.0,9,215.53767,2.25322,2.2,4.339481546143002
42.0,3.06,44.0,10,215.53767,2.25322,-9.6,3.181150302220583
42.0,2.12,44.0,11,215.53767,2.25322,-18.9,2.2402175918008638
42.0,1.58,44.0,12,215.53767,2.25322,-23.0,1.6871800100805805
42.0,1.84,44.25,1,167.00539,6.2831893,-20.9,2.2123900709259265
42.0,2.7,44.25,2,167.00539,6.2831893,-13.0,3.094985127948118
42.0,3.44,44.25,3,167.00539,6.2831893,-2.4,3.778574073535072
42.0,4.45,44.25,4,167.00539,6.2831893,9.4,4.7267553936906594
42.0,5.05,44.25,5,167.00539,6.2831893,18.8,5.250480273437494
42.0,5.81,44.25,6,167.00539,6.2831893,23.1,5.987229029198216
42.0,5.84,44.25,7,167.00539,6.2831893,21.2,6.041490736430823
42.0,5.64,44.25,8,167.00539,6.2831893,13.5,5.932681570809219
42.0,4.23,44.25,9,167.00539,6.2831893,2.2,4.580422477029331
42.0,3.06,44.25,10,167.00539,6.2831893,-9.6,3.4533302041087977
42.0,2.12,44.25,11,167.00539,6.2831893,-18.9,2.5134451685486474
42.0,1.58,44.25,12,167.00539,6.2831893,-23.0,1.9318395990317363
42.0,1.84,44.5,1,120.96376,3.4231339,-20.9,1.9471771049164002
42.0,2.7,44.5,2,120.96376,3.4231339,-13.0,2.813639921619332
42.0,3.44,44.5,3,120.96376,3.4231339,-2.4,3.5373495541437783
42.0,4.45,44.5,4,120.96376,3.4231339,9.4,4.529486871049864
42.0,5.05,44.5,5,120.96376,3.4231339,18.8,5.107481702673445
42.0,5.81,44.5,6,120.96376,3.4231339,23.1,5.860742751490753
42.0,5.84,44.5,7,120.96376,3.4231339,21.2,5.897730314647366
42.0,5.64,44.5,8,120.96376,3.4231339,13.5,5.724010810973412
42.0,4.23,44.5,9,120.96376,3.4231339,2.2,4.330720299072405
42.0,3.06,44.5,10,120.96376,3.4231339,-9.6,3.173143824075541
42.0,2.12,44.5,11,120.96376,3.4231339,-18.9,2.2332274840705852
42.0,1.58,44.5,12,120.96376,3.4231339,-23.0,1.6812710201494225
42.0,1.84,44.75,1,124.11447,10.73427,-20.9,2.18340847327366
42.0,2.7,44.75,2,124.11447,10.73427,-13.0,3.0555534008593046
42.0,3.44,44.75,3,124.11447,10.73427,-2.4,3.7317007360919545
42.0,4.45,44.75,4,124.11447,10.73427,9.4,4.669415107154403
42.0,5.05,44.75,5,124.11447,10.73427,18.8,5.187730381056866
42.0,5.81,44.75,6,124.11447,10.73427,23.1,5.916127488727396
42.0,5.84,44.75,7,124.11447,10.73427,21.2,5.969544882893264
42.0,5.64,44.75,8,124.11447,10.73427,13.5,5.8611947359420755
42.0,4.23,44.75,9,124.11447,10.73427,2.2,4.52413166238827
42.0,3.06,44.75,10,124.11447,10.73427,-9.6,3.4097511487352654
42.0,2.12,44.75,11,124.11447,10.73427,-18.9,2.4807812189429836
42.0,1.58,44.75,12,124.11447,10.73427,-23.0,1.9062977530290486
42.0,1.88,45.0,1,,0.0,-20.9,1.88
42.0,2.68,45.0,2,,0.0,-13.0,2.68
42.0,3.39,45.0,3,,0.0,-2.4,3.39
42.0,4.49,45.0,4,,0.0,9.4,4.49
42.0,4.98,45.0,5,,0.0,18.8,4.98
42.0,5.84,45.0,6,,0.0,23.1,5.84
42.0,5.82,45.0,7,,0.0,21.2,5.82
42.0,5.59,45.0,8,,0.0,13.5,5.59
42.0,4.19,45.0,9,,0.0,2.2,4.19
42.0,3.03,45.0,10,,0.0,-9.6,3.03
42.0,2.14,45.0,11,,0.0,-18.9,2.14
42.0,1.65,45.0,12,,0.0,-23.0,1.65
42.0,1.88,45.25,1,23.198593,9.287825,-20.9,1.3103586317144265
42.0,2.68,45.25,2,23.198593,9.287825,-13.0,2.077085740546618
42.0,3.39,45.25,3,23.198593,9.287825,-2.4,2.853092719541948
42.0,4.49,45.25,4,23.198593,9.287825,9.4,4.005168479643934
42.0,4.98,45.25,5,23.198593,9.287825,18.8,4.598081102088058
42.0,5.84,45.25,6,23.198593,9.287825,23.1,5.4668259041133505
42.0,5.82,45.25,7,23.198593,9.287825,21.2,5.415738187923598
42.0,5.59,45.25,8,23.198593,9.287825,13.5,5.06647128479803
42.0,4.19,45.25,9,23.198593,9.287825,2.2,3.617201754998087
42.0,3.03,45.25,10,23.198593,9.287825,-9.6,2.42316896905583
42.0,2.14,45.25,11,23.198593,9.287825,-18.9,1.5415862265614273
42.0,1.65,45.25,12,23.198593,9.287825,-23.0,1.1034606297456644
42.0,1.88,45.5,1,183.57634,7.3967032,-20.9,2.3363997053764924
42.0,2.68,45.5,2,183.57634,7.3967032,-13.0,3.1494775896769296
42.0,3.39,45.5,3,183.57634,7.3967032,-2.4,3.7883356705144906
42.0,4.49,45.5,4,183.57634,7.3967032,9.4,4.821586342347563
42.0,4.98,45.5,5,183.57634,7.3967032,18.8,5.212807651849408
42.0,5.84,45.5,6,183.57634,7.3967032,23.1,6.048311557917132
42.0,5.82,45.5,7,183.57634,7.3967032,21.2,6.055631536912118
42.0,5.59,45.5,8,183.57634,7.3967032,13.5,5.933459491131262
42.0,4.19,45.5,9,183.57634,7.3967032,2.2,4.60368118413009
42.0,3.03,45.5,10,183.57634,7.3967032,-9.6,3.495983286226111
42.0,2.14,45.5,11,183.57634,7.3967032,-18.9,2.616204856747007
42.0,1.65,45.5,12,183.57634,7.3967032,-23.0,2.0909156482579783
42.0,1.88,45.75,1,193.2764,20.68926,-20.9,3.0220358224173265
42.0,2.68,45.75,2,193.2764,20.68926,-13.0,3.823258601285653
42.0,3.39,45.75,3,193.2764,20.68926,-2.4,4.312893506264808
42.0,4.49,45.75,4,193.2764,20.68926,9.4,5.187817970907335
42.0,4.98,45.75,5,193.2764,20.68926,18.8,5.392780206565347
42.0,5.84,45.75,6,193.2764,20.68926,23.1,6.150914907973162
42.0,5.82,45.75,7,193.2764,20.68926,21.2,6.204872595956209
42.0,5.59,45.75,8,193.2764,20.68926,13.5,6.273150639513925
42.0,4.19,45.75,9,193.2764,20.68926,2.2,5.120184878110166
42.0,3.03,45.75,10,193.2764,20.68926,-9.6,4.149130183516574
42.0,2.14,45.75,11,193.2764,20.68926,-18.9,3.324060834576497
42.0,1.65,45.75,12,193.2764,20.68926,-23.0,2.7603082513077997
42.0,1.93,46.0,1,352.97922,39.75769,-20.9,0.0
42.0,2.72,46.0,2,352.97922,39.75769,-13.0,0.0
42.0,3.59,46.0,3,352.97922,39.75769,-2.4,0.5283258848937336
42.0,4.8,46.0,4,352.97922,39.75769,9.4,1.7415286601113962
42.0,5.34,46.0,5,352.97922,39.75769,18.8,2.652394899229531
42.0,6.04,46.0,6,352.97922,39.75769,23.1,3.3306588768153538
42.0,6.0,46.0,7,352.97922,39.75769,21.2,3.165829809158329
42.0,5.68,46.0,8,352.97922,39.75769,13.5,2.4089822574329
42.0,4.39,46.0,9,352.97922,39.75769,2.2,1.0531824394886735
42.0,3.18,46.0,10,352.97922,39.75769,-9.6,0.0
42.0,2.23,46.0,11,352.97922,39.75769,-18.9,0.0
42.0,1.7,46.0,12,352.97922,39.75769,-23.0,0.0
42.25,1.59,41.75,1,231.3402,3.6348739,-20.9,1.7111929445837388
42.25,2.35,41.75,2,231.3402,3.6348739,-13.0,2.479432876115951
42.25,3.38,41.75,3,231.3402,3.6348739,-2.4,3.5054378488800855
42.25,4.77,41.75,4,231.3402,3.6348739,9.4,4.882383856264919
42.25,5.59,41.75,5,231.3402,3.6348739,18.8,5.674787581206039
42.25,6.38,41.75,6,231.3402,3.6348739,23.1,6.454909447448179
42.25,6.12,41.75,7,231.3402,3.6348739,21.2,6.200971847581188
42.25,5.86,41.75,8,231.3402,3.6348739,13.5,5.975535985088313
42.25,4.48,41.75,9,231.3402,3.6348739,2.2,4.620131238295624
42.25,3.03,41.75,10,231.3402,3.6348739,-9.6,3.176673219414015
42.25,1.99,41.75,11,231.3402,3.6348739,-18.9,2.1290607345501162
42.25,1.4,41.75,12,231.3402,3.6348739,-23.0,1.5174556479913535
42.25,1.59,42.0,1,18.434952,1.5240409,-20.9,1.5101889775189465
42.25,2.29,42.0,2,18.434952,1.5240409,-13.0,2.205900017054541
42.25,3.13,42.0,3,18.434952,1.5240409,-2.4,3.050877017187262
42.25,4.48,42.0,4,18.434952,1.5240409,9.4,4.405427910967949
42.25,5.19,42.0,5,18.434952,1.5240409,18.8,5.131360434554465
42.25,5.97,42.0,6,18.434952,1.5240409,23.1,5.9155797336420886
42.25,5.8,42.0,7,18.434952,1.5240409,21.2,5.741625871195652
42.25,5.73,42.0,8,18.434952,1.5240409,13.5,5.648655476330324
42.25,4.4,42.0,9,18.434952,1.5240409,2.2,4.30512242716054
42.25,2.97,42.0,10,18.434952,1.5240409,-9.6,2.873549327296802
42.25,1.99,42.0,11,18.434952,1.5240409,-18.9,1.8981514444198542
42.25,1.43,42.0,12,18.434952,1.5240409,-23.0,1.351228133769443
42.25,1.59,42.25,1,45.0,1.1686469,-20.9,1.5443729465999265
42.25,2.29,42.25,2,45.0,1.1686469,-13.0,2.241917423538927
42.25,3.13,42.25,3,45.0,1.1686469,-2.4,3.084757257433062
42.25,4.48,42.25,4,45.0,1.1686469,9.4,4.437350575271793
42.25,5.19,42.25,5,45.0,1.1686469,18.8,5.156453044119465
42.25,5.97,42.25,6,45.0,1.1686469,23.1,5.938860145567497
42.25,5.8,42.25,7,45.0,1.1686469,21.2,5.766601213798555
42.25,5.73,42.25,8,45.0,1.1686469,13.5,5.683472368121042
42.25,4.4,42.25,9,45.0,1.1686469,2.2,4.345744978384312
42.25,2.97,42.25,10,45.0,1.1686469,-9.6,2.91485415166054
42.25,1.99,42.25,11,45.0,1.1686469,-18.9,1.9374902945319041
42.25,1.43,42.25,12,45.0,1.1686469,-23.0,1.3849678303143167
42.25,1.59,42.5,1,341.56506,1.5240409,-20.9,1.5101889719863535
42.25,2.29,42.5,2,341.56506,1.5240409,-13.0,2.2059000112398097
42.25,3.13,42.5,3,341.56506,1.5240409,-2.4,3.050877011740736
42.25,4.48,42.5,4,341.56506,1.5240409,9.4,4.4054279058724735
42.25,5.19,42.5,5,341.56506,1.5240409,18.8,5.131360430588825
42.25,5.97,42.5,6,341.56506,1.5240409,23.1,5.915579729990273
42.25,5.8,42.5,7,341.56506,1.5240409,21.2,5.741625867263607
42.25,5.73,42.5,8,341.56506,1.5240409,13.5,5.648655470792915
42.25,4.4,42.5,9,341.56506,1.5240409,2.2,4.3051224206455
42.25,2.97,42.5,10,341.56506,1.5240409,-9.6,2.8735493206366227
42.25,1.99,42.5,11,341.56506,1.5240409,-18.9,1.8981514380567617
42.25,1.43,42.5,12,341.56506,1.5240409,-23.0,1.3512281283054457
42.25,1.59,42.75,1,348.69006,3.59436,-20.9,1.3937890023318193
42.25,2.29,42.75,2,348.69006,3.59436,-13.0,2.082565612411389
42.25,3.13,42.75,3,348.69006,3.59436,-2.4,2.9337633252855198
42.25,4.48,42.75,4,348.69006,3.59436,9.4,4.293359200274683
42.25,5.19,42.75,5,348.69006,3.59436,18.8,5.041392920675281
42.25,5.97,42.75,6,348.69006,3.59436,23.1,5.830810863596622
42.25,5.8,42.75,7,348.69006,3.59436,21.2,5.651365454795723
42.25,5.73,42.75,8,348.69006,3.59436,13.5,5.525477137988633
42.25,4.4,42.75,9,348.69006,3.59436,2.2,4.163974795946485
42.25,2.97,42.75,10,348.69006,3.59436,-9.6,2.7317225148075335
42.25,1.99,42.75,11,348.69006,3.59436,-18.9,1.7640183489045347
42.25,1.43,42.75,12,348.69006,3.59436,-23.0,1.2364976651351394
42.25,1.72,43.0,1,151.69925,3.7196972,-20.9,1.9104534284764356
42.25,2.52,43.0,2,151.69925,3.7196972,-13.0,2.72218665014716
42.25,3.31,43.0,3,151.69925,3.7196972,-2.4,3.4898012853331726
42.25,4.43,43.0,4,151.69925,3.7196972,9.4,4.5840570868617405
42.25,5.11,43.0,5,151.69925,3.7196972,18.8,5.225848785561912
42.25,5.87,43.0,6,151.69925,3.7196972,23.1,5.974069802883822
42.25,5.9,43.0,7,151.69925,3.7196972,21.2,6.017275724694379
42.25,5.79,43.0,8,151.69925,3.7196972,13.5,5.959247304386233
42.25,4.37,43.0,9,151.69925,3.7196972,2.2,4.570620140838577
42.25,2.99,43.0,10,151.69925,3.7196972,-9.6,3.201128585839561
42.25,2.03,43.0,11,151.69925,3.7196972,-18.9,2.2362103424432846
42.25,1.52,43.0,12,151.69925,3.7196972,-23.0,1.7051332094117615
42.25,1.72,43.25,1,325.88553,9.646141,-20.9,1.224331288798144
42.25,2.52,43.25,2,325.88553,9.646141,-13.0,1.9804311361293934
42.25,3.31,43.25,3,325.88553,9.646141,-2.4,2.8095866338480557
42.25,4.43,43.25,4,325.88553,9.646141,9.4,3.9705455435023587
42.25,5.11,43.25,5,325.88553,9.646141,18.8,4.7302479171366985
42.25,5.87,43.25,6,325.88553,9.646141,23.1,5.504221562207479
42.25,5.9,43.25,7,325.88553,9.646141,21.2,5.501570967526393
42.25,5.79,43.25,8,325.88553,9.646141,13.5,5.267466712041444
42.25,4.37,43.25,9,325.88553,9.646141,2.2,3.7986141168539085
42.25,2.99,43.25,10,325.88553,9.646141,-9.6,2.4196642391696876
42.25,2.03,43.25,11,325.88553,9.646141,-18.9,1.4900937800928533
42.25,1.52,43.25,12,325.88553,9.646141,-23.0,1.0411033744950005
42.25,1.72,43.5,1,217.1467,10.813266,-20.9,2.197548925307714
42.25,2.52,43.5,2,217.1467,10.813266,-13.0,3.0184734384298175
42.25,3.31,43.5,3,217.1467,10.813266,-2.4,3.7401985363764187
42.25,4.43,43.5,4,217.1467,10.813266,9.4,4.779090722337845
42.25,5.11,43.5,5,217.1467,10.813266,18.8,5.35073818240301
42.25,5.87,43.5,6,217.1467,10.813266,23.1,6.070597823407309
42.25,5.9,43.5,7,217.1467,10.813266,21.2,6.134803449804412
42.25,5.79,43.5,8,217.1467,10.813266,13.5,6.162210596097037
42.25,4.37,43.5,9,217.1467,10.813266,2.2,4.841726396058292
42.25,2.99,43.5,10,217.1467,10.813266,-9.6,3.5061299645596935
42.25,2.03,43.5,11,217.1467,10.813266,-18.9,2.54500550663938
42.25,1.52,43.5,12,217.1467,10.813266,-23.0,1.9860689014326198
42.25,1.72,43.75,1,24.443954,5.959938,-20.9,1.3895361871623273
42.25,2.52,43.75,2,24.443954,5.959938,-13.0,2.1630064253190118
42.25,3.31,43.75,3,24.443954,5.959938,-2.4,2.9830264974290297
42.25,4.43,43.75,4,24.443954,5.959938,9.4,4.135670752881884
42.25,5.11,43.75,5,24.443954,5.959938,18.8,4.872853361618907
42.25,5.87,43.75,6,24.443954,5.959938,23.1,5.6455882734002225
42.25,5.9,43.75,7,24.443954,5.959938,21.2,5.653467798075165
42.25,5.79,43.75,8,24.443954,5.959938,13.5,5.458441022410997
42.25,4.37,43.75,9,24.443954,5.959938,2.2,3.999149670883605
42.25,2.99,43.75,10,24.443954,5.959938,-9.6,2.614029965442096
42.25,2.03,43.75,11,24.443954,5.959938,-18.9,1.6707046283201383
42.25,1.52,43.75,12,24.443954,5.959938,-23.0,1.2001185960815588
42.25,1.84,44.0,1,305.4596,40.660976,-20.9,0.021863930929925748
42.25,2.7,44.0,2,305.4596,40.660976,-13.0,0.5769671531582458
42.25,3.44,44.0,3,305.4596,40.660976,-2.4,1.3249747540438226
42.25,4.45,44.0,4,305.4596,40.660976,9.4,2.2895512162169482
42.25,5.05,44.0,5,305.4596,40.660976,18.8,3.002784045900397
42.25,5.81,44.0,6,305.4596,40.660976,23.1,3.6446946166143275
42.25,5.84,44.0,7,305.4596,40.660976,21.2,3.580495582228943
42.25,5.64,44.0,8,305.4596,40.660976,13.5,3.108765936156707
42.25,4.23,44.0,9,305.4596,40.660976,2.2,1.864731760425443
42.25,3.06,44.0,10,305.4596,40.660976,-9.6,0.8487237083493092
42.25,2.12,44.0,11,305.4596,40.660976,-18.9,0.15352059510591917
42.25,1.58,44.0,12,305.4596,40.660976,-23.0,0.0
42.25,1.84,44.25,1,178.19125,21.025757,-20.9,3.0209254528218326
42.25,2.7,44.25,2,178.19125,21.025757,-13.0,3.915949665107637
42.25,3.44,44.25,3,178.19125,21.025757,-2.4,4.429596418488502
42.25,4.45,44.25,4,178.19125,21.025757,9.4,5.184116592883728
42.25,5.05,44.25,5,178.19125,21.025757,18.8,5.499322833041008
42.25,5.81,44.25,6,178.19125,21.025757,23.1,6.1466851376049885
42.25,5.84,44.25,7,178.19125,21.025757,21.2,6.257182984058027
42.25,5.64,44.25,8,178.19125,21.025757,13.5,6.3740954808133825
42.25,4.23,44.25,9,178.19125,21.025757,2.2,5.223463922318696
42.25,3.06,44.25,10,178.19125,21.025757,-9.6,4.253243904993075
42.25,2.12,44.25,11,178.19125,21.025757,-18.9,3.358885632430089
42.25,1.58,44.25,12,178.19125,21.025757,-23.0,2.703857040092368
42.25,1.84,44.5,1,357.18445,13.88151,-20.9,0.9152963058410128
42.25,2.7,44.5,2,357.18445,13.88151,-13.0,1.6885144532637186
42.25,3.44,44.5,3,357.18445,13.88151,-2.4,2.5252305079640776
42.25,4.45,44.5,4,357.18445,13.88151,9.4,3.631511292533834
42.25,5.05,44.5,5,357.18445,13.88151,18.8,4.377595158357508
42.25,5.81,44.5,6,357.18445,13.88151,23.1,5.156851699293213
42.25,5.84,44.5,7,357.18445,13.88151,21.2,5.130851550580358
42.25,5.64,44.5,8,357.18445,13.88151,13.5,4.733827371218354
42.25,4.23,44.5,9,357.18445,13.88151,2.2,3.2544265128178167
42.25,3.06,44.5,10,357.18445,13.88151,-9.6,2.037156119055898
42.25,2.12,44.5,11,357.18445,13.88151,-18.9,1.13593204217261
42.25,1.58,44.5,12,357.18445,13.88151,-23.0,0.712590767643209
42.25,1.84,44.75,1,19.772346,34.517345,-20.9,0.0
42.25,2.7,44.75,2,19.772346,34.517345,-13.0,0.14925823011680664
42.25,3.44,44.75,3,19.772346,34.517345,-2.4,1.0223061935237094
42.25,4.45,44.75,4,19.772346,34.517345,9.4,2.1344015284017956
42.25,5.05,44.75,5,19.772346,34.517345,18.8,2.992857039133138
42.25,5.81,44.75,6,19.772346,34.517345,23.1,3.711310020276434
42.25,5.84,44.75,7,19.772346,34.517345,21.2,3.613358955598867
42.25,5.64,44.75,8,19.772346,34.517345,13.5,2.9971230563693583
42.25,4.23,44.75,9,19.772346,34.517345,2.2,1.5892655083538334
42.25,3.06,44.75,10,19.772346,34.517345,-9.6,0.4440033754865673
42.25,2.12,44.75,11,19.772346,34.517345,-18.9,0.0
42.25,1.58,44.75,12,19.772346,34.517345,-23.0,0.0
42.25,1.88,45.0,1,10.00798,29.475729,-20.9,0.0
42.25,2.68,45.0,2,10.00798,29.475729,-13.0,0.4611289612444828
42.25,3.39,45.0,3,10.00798,29.475729,-2.4,1.3284764142964807
42.25,4.49,45.0,4,10.00798,29.475729,9.4,2.503996400971181
42.25,4.98,45.0,5,10.00798,29.475729,18.8,3.288647024290327
42.25,5.84,45.0,6,10.00798,29.475729,23.1,4.101396706503422
42.25,5.82,45.0,7,10.00798,29.475729,21.2,3.981292282069935
42.25,5.59,45.0,8,10.00798,29.475729,13.5,3.380392502322433
42.25,4.19,45.0,9,10.00798,29.475729,2.2,1.9409868012396148
42.25,3.03,45.0,10,10.00798,29.475729,-9.6,0.7686558371055499
42.25,2.14,45.0,11,10.00798,29.475729,-18.9,0.0
42.25,1.65,45.0,12,10.00798,29.475729,-23.0,0.0
42.25,1.88,45.25,1,154.65382,20.0457,-20.9,2.916519087568546
42.25,2.68,45.25,2,154.65382,20.0457,-13.0,3.7143637115444372
42.25,3.39,45.25,3,154.65382,20.0457,-2.4,4.222013301486236
42.25,4.49,45.25,4,154.65382,20.0457,9.4,5.116076307385669
42.25,4.98,45.25,5,154.65382,20.0457,18.8,5.347482603281424
42.25,5.84,45.25,6,154.65382,20.0457,23.1,6.114428331950621
42.25,5.82,45.25,7,154.65382,20.0457,21.2,6.16128950353224
42.25,5.59,45.25,8,154.65382,20.0457,13.5,6.201362914237852
42.25,4.19,45.25,9,154.65382,20.0457,2.2,5.027210621574524
42.25,3.03,45.25,10,154.65382,20.0457,-9.6,4.0413517673003305
42.25,2.14,45.25,11,154.65382,20.0457,-18.9,3.213708711111088
42.25,1.65,45.25,12,154.65382,20.0457,-23.0,2.6587618828015978
42.25,1.88,45.5,1,191.97614,39.78389,-20.9,3.7693674147081797
42.25,2.68,45.5,2,191.97614,39.78389,-13.0,4.477715682601664
42.25,3.39,45.5,3,191.97614,39.78389,-2.4,4.7013468856802065
42.25,4.49,45.5,4,191.97614,39.78389,9.4,5.265173652962559
42.25,4.98,45.5,5,191.97614,39.78389,18.8,5.1791594541406205
42.25,5.84,45.5,6,191.97614,39.78389,23.1,5.757279376548966
42.25,5.82,45.5,7,191.97614,39.78389,21.2,5.874569421781679
42.25,5.59,45.5,8,191.97614,39.78389,13.5,6.215409576453349
42.25,4.19,45.5,9,191.97614,39.78389,2.2,5.424552886021424
42.25,3.03,45.5,10,191.97614,39.78389,-9.6,4.743022869269696
42.25,2.14,45.5,11,191.97614,39.78389,-18.9,4.076145887202985
42.25,1.65,45.5,12,191.97614,39.78389,-23.0,3.5083755975709496
42.5,1.59,41.75,1,180.0,1.8522629,-20.9,1.6917980725547266
42.5,2.35,41.75,2,180.0,1.8522629,-13.0,2.45929135004823
42.5,3.38,41.75,3,180.0,1.8522629,-2.4,3.4871031355426636
42.5,4.77,41.75,4,180.0,1.8522629,9.4,4.868015088417234
42.5,5.59,41.75,5,180.0,1.8522629,18.8,5.666393269250144
42.5,6.38,41.75,6,180.0,1.8522629,23.1,6.4492869678901155
42.5,6.12,41.75,7,180.0,1.8522629,21.2,6.193926489314405
42.5,5.86,41.75,8,180.0,1.8522629,13.5,5.961929558211356
42.5,4.48,41.75,9,180.0,1.8522629,2.2,4.600462400065196
42.5,3.03,41.75,10,180.0,1.8522629,-9.6,3.154222471083935
42.5,1.99,41.75,11,180.0,1.8522629,-18.9,2.106934529189977
42.5,1.4,41.75,12,180.0,1.8522629,-23.0,1.498563707589424
42.5,1.59,42.0,1,100.175514,12.140104,-20.9,1.6724082007724557
42.5,2.29,42.0,2,100.175514,12.140104,-13.0,2.3625797022486332
42.5,3.13,42.0,3,100.175514,12.140104,-2.4,3.17588514388233
42.5,4.48,42.0,4,100.175514,12.140104,9.4,4.488314865385821
42.5,5.19,42.0,5,100.175514,12.140104,18.8,5.158576067018277
42.5,5.97,42.0,6,100.175514,12.140104,23.1,5.914597827630252
42.5,5.8,42.0,7,100.175514,12.140104,21.2,5.754305372989162
42.5,5.73,42.0,8,100.175514,12.140104,13.5,5.7198608058112645
42.5,4.4,42.0,9,100.175514,12.140104,2.2,4.44023488330132
42.5,2.97,42.0,10,100.175514,12.140104,-9.6,3.0453232881068564
42.5,1.99,42.0,11,100.175514,12.140104,-18.9,2.081101516588114
42.5,1.43,42.0,12,100.175514,12.140104,-23.0,1.514600292872372
42.5,1.59,42.25,1,57.52881,11.277399,-20.9,1.22593722400736
42.5,2.29,42.25,2,57.52881,11.277399,-13.0,1.8959574740330507
42.5,3.13,42.25,3,57.52881,11.277399,-2.4,2.7420888610617706
42.5,4.48,42.25,4,57.52881,11.277399,9.4,4.086875995296562
42.5,5.19,42.25,5,57.52881,11.277399,18.8,4.850595021262626
42.5,5.97,42.25,6,57.52881,11.277399,23.1,5.63400069422629
42.5,5.8,42.25,7,57.52881,11.277399,21.2,5.450594060213385
42.5,5.73,42.25,8,57.52881,11.277399,13.5,5.285893003416067
42.5,4.4,42.25,9,57.52881,11.277399,2.2,3.923273356475218
42.5,2.97,42.25,10,57.52881,11.277399,-9.6,2.5121002566657387
42.5,1.99,42.25,11,57.52881,11.277399,-18.9,1.5683682847585083
42.5,1.43,42.25,12,57.52881,11.277399,-23.0,1.072943529570324
42.5,1.59,42.5,1,238.24051,7.197113,-20.9,1.7868531382775872
42.5,2.29,42.5,2,238.24051,7.197113,-13.0,2.4916787052504334
42.5,3.13,42.5,3,238.24051,7.197113,-2.4,3.3110224910557298
42.5,4.48,42.5,4,238.24051,7.197113,9.4,4.637288308875237
42.5,5.19,42.5,5,238.24051,7.197113,18.8,5.299343739727171
42.5,5.97,42.5,6,238.24051,7.197113,23.1,6.061599879313999
42.5,5.8,42.5,7,238.24051,7.197113,21.2,5.903421452500106
42.5,5.73,42.5,8,238.24051,7.197113,13.5,5.89430234259804
42.5,4.4,42.5,9,238.24051,7.197113,2.2,4.611398493610181
42.5,2.97,42.5,10,238.24051,7.197113,-9.6,3.1981823766416837
42.5,1.99,42.5,11,238.24051,7.197113,-18.9,2.2150089510035986
42.5,1.43,42.5,12,238.24051,7.197113,-23.0,1.6256535573061108
42.5,1.59,42.75,1,143.97263,14.009347,-20.9,2.164336382595352
42.5,2.29,42.75,2,143.97263,14.009347,-13.0,2.8742166506143336
42.5,3.13,42.75,3,143.97263,14.009347,-2.4,3.647554974137415
42.5,4.48,42.75,4,143.97263,14.009347,9.4,4.918515675941621
42.5,5.19,42.75,5,143.97263,14.009347,18.8,5.481663541378881
42.5,5.97,42.75,6,143.97263,14.009347,23.1,6.204029444885896
42.5,5.8,42.75,7,143.97263,14.009347,21.2,6.070206251305952
42.5,5.73,42.75,8,143.97263,14.009347,13.5,6.181399727422706
42.5,4.4,42.75,9,143.97263,14.009347,2.2,4.999671171731558
42.5,2.97,42.75,10,143.97263,14.009347,-9.6,3.6285839272418685
42.5,1.99,42.75,11,143.97263,14.009347,-18.9,2.64538721938577
42.5,1.43,42.75,12,143.97263,14.009347,-23.0,2.001791257679413
42.5,1.72,43.0,1,268.26428,10.230769,-20.9,1.7111309509296784
42.5,2.52,43.0,2,268.26428,10.230769,-13.0,2.499658616638597
42.5,3.31,43.0,3,268.26428,10.230769,-2.4,3.275117298601734
42.5,4.43,43.0,4,268.26428,10.230769,9.4,4.37510084438317
42.5,5.11,43.0,5,268.26428,10.230769,18.8,5.040820483361679
42.5,5.87,43.0,6,268.26428,10.230769,23.1,5.7877900269273725
42.5,5.9,43.0,7,268.26428,10.230769,21.2,5.818567394668914
42.5,5.79,43.0,8,268.26428,10.230769,13.5,5.7152073196228566
42.5,4.37,43.0,9,268.26428,10.230769,2.2,4.320456297734837
42.5,2.99,43.0,10,268.26428,10.230769,-9.6,2.963122957732248
42.5,2.03,43.0,11,268.26428,10.230769,-18.9,2.017754259086008
42.5,1.52,43.0,12,268.26428,10.230769,-23.0,1.5137759907167128
42.5,1.72,43.25,1,98.972626,27.60816,-20.9,1.7724091992894726
42.5,2.52,43.25,2,98.972626,27.60816,-13.0,2.498077457153716
42.5,3.31,43.25,3,98.972626,27.60816,-2.4,3.1715170655214635
42.5,4.43,43.25,4,98.972626,27.60816,9.4,4.134315482221602
42.5,5.11,43.25,5,98.972626,27.60816,18.8,4.690288936529164
42.5,5.87,43.25,6,98.972626,27.60816,23.1,5.3510342916576805
42.5,5.9,43.25,7,98.972626,27.60816,21.2,5.39447045346539
42.5,5.79,43.25,8,98.972626,27.60816,13.5,5.362704471739068
42.5,4.37,43.25,9,98.972626,27.60816,2.2,4.140280178591339
42.5,2.99,43.25,10,98.972626,27.60816,-9.6,2.927152792399434
42.5,2.03,43.25,11,98.972626,27.60816,-18.9,2.0679652721893436
42.5,1.52,43.25,12,98.972626,27.60816,-23.0,1.587995585685736
42.5,1.72,43.5,1,2.1211014,33.25258,-20.9,0.0
42.5,2.52,43.5,2,2.1211014,33.25258,-13.0,0.09823393779324176
42.5,3.31,43.5,3,2.1211014,33.25258,-2.4,0.9606138761636207
42.5,4.43,43.5,4,2.1211014,33.25258,9.4,2.1222091012724076
42.5,5.11,43.5,5,2.1211014,33.25258,18.8,3.0441596320814566
42.5,5.87,43.5,6,2.1211014,33.25258,23.1,3.7761474221389717
42.5,5.9,43.5,7,2.1211014,33.25258,21.2,3.673473726832995
42.5,5.79,43.5,8,2.1211014,33.25258,13.5,3.083319435770055
42.5,4.37,43.5,9,2.1211014,33.25258,2.2,1.6237245117162558
42.5,2.99,43.5,10,2.1211014,33.25258,-9.6,0.3958222831182637
42.5,2.03,43.5,11,2.1211014,33.25258,-18.9,0.0
42.5,1.52,43.5,12,2.1211014,33.25258,-23.0,0.0
42.5,1.72,43.75,1,225.74405,27.727432,-20.9,2.63773581539336
42.5,2.52,43.75,2,225.74405,27.727432,-13.0,3.4211565308114533
42.5,3.31,43.75,3,225.74405,27.727432,-2.4,4.000903793107663
42.5,4.43,43.75,4,225.74405,27.727432,9.4,4.858981198756348
42.5,5.11,43.75,5,225.74405,27.727432,18.8,5.251552642968728
42.5,5.87,43.75,6,225.74405,27.727432,23.1,5.867143200716946
42.5,5.9,43.75,7,225.74405,27.727432,21.2,5.969403865344821
42.5,5.79,43.75,8,225.74405,27.727432,13.5,6.1672247416747705
42.5,4.37,43.75,9,225.74405,27.727432,2.2,5.071517908477119
42.5,2.99,43.75,10,225.74405,27.727432,-9.6,3.8937488008162138
42.5,2.03,43.75,11,225.74405,27.727432,-18.9,3.005820050462934
42.5,1.52,43.75,12,225.74405,27.727432,-23.0,2.4284190356897843
42.5,1.84,44.0,1,75.96376,21.81869,-20.9,1.376968606970719
42.5,2.7,44.0,2,75.96376,21.81869,-13.0,2.1524541266297335
42.5,3.44,44.0,3,75.96376,21.81869,-2.4,2.8845617316148955
42.5,4.45,44.0,4,75.96376,21.81869,9.4,3.869724087981353
42.5,5.05,44.0,5,75.96376,21.81869,18.8,4.488412060751996
42.5,5.81,44.0,6,75.96376,21.81869,23.1,5.2093630596321825
42.5,5.84,44.0,7,75.96376,21.81869,21.2,5.216400178335152
42.5,5.64,44.0,8,75.96376,21.81869,13.5,4.954161084936478
42.5,4.23,44.0,9,75.96376,21.81869,2.2,3.603611053867547
42.5,3.06,44.0,10,75.96376,21.81869,-9.6,2.486465394452137
42.5,2.12,44.0,11,75.96376,21.81869,-18.9,1.617623634744936
42.5,1.58,44.0,12,75.96376,21.81869,-23.0,1.1542896715214996
42.5,1.84,44.25,1,351.06042,36.340343,-20.9,0.0
42.5,2.7,44.25,2,351.06042,36.340343,-13.0,0.0
42.5,3.44,44.25,3,351.06042,36.340343,-2.4,0.7642605552350686
42.5,4.45,44.25,4,351.06042,36.340343,9.4,1.8863787064848154
42.5,5.05,44.25,5,351.06042,36.340343,18.8,2.7701592163257294
42.5,5.81,44.25,6,351.06042,36.340343,23.1,3.482314093181364
42.5,5.84,44.25,7,351.06042,36.340343,21.2,3.3713164910283457
42.5,5.64,44.25,8,351.06042,36.340343,13.5,2.7130009569675226
42.5,4.23,44.25,9,351.06042,36.340343,2.2,1.3073701564664415
42.5,3.06,44.25,10,351.06042,36.340343,-9.6,0.16387703046165397
42.5,2.12,44.25,11,351.06042,36.340343,-18.9,0.0
42.5,1.58,44.25,12,351.06042,36.340343,-23.0,0.0
42.5,1.84,44.5,1,184.1849,18.422804,-20.9,2.903811332705357
42.5,2.7,44.5,2,184.1849,18.422804,-13.0,3.7998340959481123
42.5,3.44,44.5,3,184.1849,18.422804,-2.4,4.344156128009939
42.5,4.45,44.5,4,184.1849,18.422804,9.4,5.13626214012332
42.5,5.05,44.5,5,184.1849,18.422804,18.8,5.489887504239248
42.5,5.81,44.5,6,184.1849,18.422804,23.1,6.1571134288701215
42.5,5.84,44.5,7,184.1849,18.422804,21.2,6.258350952810855
42.5,5.64,44.5,8,184.1849,18.422804,13.5,6.336312621512295
42.5,4.23,44.5,9,184.1849,18.422804,2.2,5.143873856173696
42.5,3.06,44.5,10,184.1849,18.422804,-9.6,4.142083506109548
42.5,2.12,44.5,11,184.1849,18.422804,-18.9,3.2368981894348434
42.5,1.58,44.5,12,184.1849,18.422804,-23.0,2.5917665998906054
42.5,1.84,44.75,1,322.94348,15.808535,-20.9,0.9715734538485702
42.5,2.7,44.75,2,322.94348,15.808535,-13.0,1.7437969820135795
42.5,3.44,44.75,3,322.94348,15.808535,-2.4,2.5646220966159365
42.5,4.45,44.75,4,322.94348,15.808535,9.4,3.6510144454907913
42.5,5.05,44.75,5,322.94348,15.808535,18.8,4.377052978562222
42.5,5.81,44.75,6,322.94348,15.808535,23.1,5.145434349828764
42.5,5.84,44.75,7,322.94348,15.808535,21.2,5.124101465877454
42.5,5.64,44.75,8,322.94348,15.808535,13.5,4.747005781748813
42.5,4.23,44.75,9,322.94348,15.808535,2.2,3.2901122401657483
42.5,3.06,44.75,10,322.94348,15.808535,-9.6,2.089698496492429
42.5,2.12,44.75,11,322.94348,15.808535,-18.9,1.1944670996560929
42.5,1.58,44.75,12,322.94348,15.808535,-23.0,0.7664975154204601
42.5,1.88,45.0,1,206.14685,28.091831,-20.9,3.2454529444666256
42.5,2.68,45.0,2,206.14685,28.091831,-13.0,4.012563340066907
42.5,3.39,45.0,3,206.14685,28.091831,-2.4,4.418594671232609
42.5,4.49,45.0,4,206.14685,28.091831,9.4,5.19828913518025
42.5,4.98,45.0,5,206.14685,28.091831,18.8,5.317374964416214
42.5,5.84,45.0,6,206.14685,28.091831,23.1,6.021331353055013
42.5,5.82,45.0,7,206.14685,28.091831,21.2,6.093525644387661
42.5,5.59,45.0,8,206.14685,28.091831,13.5,6.2412349458741305
42.5,4.19,45.0,9,206.14685,28.091831,2.2,5.198403029554953
42.5,3.03,45.0,10,206.14685,28.091831,-9.6,4.3182802804882545
42.5,2.14,45.0,11,206.14685,28.091831,-18.9,3.5470053610636145
42.5,1.65,45.0,12,206.14685,28.091831,-23.0,2.9860424489419284
42.5,1.88,45.25,1,252.1811,17.470037,-20.9,2.1381739141252045
42.5,2.68,45.25,2,252.1811,17.470037,-13.0,2.914607634074146
42.5,3.39,45.25,3,252.1811,17.470037,-2.4,3.543974194898343
42.5,4.49,45.25,4,252.1811,17.470037,9.4,4.551786302308147
42.5,4.98,45.25,5,252.1811,17.470037,18.8,4.951118482518801
42.5,5.84,45.25,6,252.1811,17.470037,23.1,5.759555493754261
42.5,5.82,45.25,7,252.1811,17.470037,21.2,5.760002742841534
42.5,5.59,45.25,8,252.1811,17.470037,13.5,5.616811413207505
42.5,4.19,45.25,9,252.1811,17.470037,2.2,4.323167591462454
42.5,3.03,45.25,10,252.1811,17.470037,-9.6,3.2478004876625857
42.5,2.14,45.25,11,252.1811,17.470037,-18.9,2.4018686433148217
42.5,1.65,45.25,12,252.1811,17.470037,-23.0,1.906502329195393
42.5,1.88,45.5,1,111.96056,35.27917,-20.9,2.34561690677859
42.5,2.68,45.5,2,111.96056,35.27917,-13.0,3.0300460731695233
42.5,3.39,45.5,3,111.96056,35.27917,-2.4,3.497071208948343
42.5,4.49,45.5,4,111.96056,35.27917,9.4,4.297600642824964
42.5,4.98,45.5,5,111.96056,35.27917,18.8,4.537578562869523
42.5,5.84,45.5,6,111.96056,35.27917,23.1,5.211671521468858
42.5,5.82,45.5,7,111.96056,35.27917,21.2,5.241249784404151
42.5,5.59,45.5,8,111.96056,35.27917,13.5,5.23264538945625
42.5,4.19,45.5,9,111.96056,35.27917,2.2,4.187988738829214
42.5,3.03,45.5,10,111.96056,35.27917,-9.6,3.3142087677861496
42.5,2.14,45.5,11,111.96056,35.27917,-18.9,2.5947505962113713
42.5,1.65,45.5,12,111.96056,35.27917,-23.0,2.128983768576578
42.75,1.59,41.5,1,74.0546,4.4736176,-20.9,1.51636970792558
42.75,2.35,41.5,2,74.0546,4.4736176,-13.0,2.268882067785851
42.75,3.38,41.5,3,74.0546,4.4736176,-2.4,3.296894574857159
42.75,4.77,41.5,4,74.0546,4.4736176,9.4,4.688198466379182
42.75,5.59,41.5,5,74.0546,4.4736176,18.8,5.519763183229442
42.75,6.38,41.5,6,74.0546,4.4736176,23.1,6.311746859606126
42.75,6.12,41.5,7,74.0546,4.4736176,21.2,6.049564479773654
42.75,5.86,41.5,8,74.0546,4.4736176,13.5,5.7718242845330066
42.75,4.48,41.5,9,74.0546,4.4736176,2.2,4.384215461078794
42.75,3.03,41.5,10,74.0546,4.4736176,-9.6,2.9366104251366743
42.75,1.99,41.5,11,74.0546,4.4736176,-18.9,1.9049072220890129
42.75,1.4,41.5,12,74.0546,4.4736176,-23.0,1.3291381152807724
42.75,1.59,41.75,1,225.0,3.890042,-20.9,1.7403282847722765
42.75,2.35,41.75,2,225.0,3.890042,-13.0,2.510156291921059
42.75,3.38,41.75,3,225.0,3.890042,-2.4,3.5352075203892075
42.75,4.77,41.75,4,225.0,3.890042,9.4,4.909605528095913
42.75,5.59,41.75,5,225.0,3.890042,18.8,5.696233555265478
42.75,6.38,41.75,6,225.0,3.890042,23.1,6.474584391941994
42.75,6.12,41.75,7,225.0,3.890042,21.2,6.221842440045992
42.75,5.86,41.75,8,225.0,3.890042,13.5,6.003929771175027
42.75,4.48,41.75,9,225.0,3.890042,2.2,4.653555370872052
42.75,3.03,41.75,10,225.0,3.890042,-9.6,3.2114242011210896
42.75,1.99,41.75,11,225.0,3.890042,-18.9,2.1623395774475966
42.75,1.4,41.75,12,225.0,3.890042,-23.0,1.5458642943379386
42.75,1.59,42.0,1,113.19859,15.698,-20.9,1.872828428574594
42.75,2.29,42.0,2,113.19859,15.698,-13.0,2.5630529314989965
42.75,3.13,42.0,3,113.19859,15.698,-2.4,3.348606133934327
42.75,4.48,42.0,4,113.19859,15.698,9.4,4.627147253155967
42.75,5.19,42.0,5,113.19859,15.698,18.8,5.242122796490598
42.75,5.97,42.0,6,113.19859,15.698,23.1,5.9745252105430176
42.75,5.8,42.0,7,113.19859,15.698,21.2,5.8277949863639975
42.75,5.73,42.0,8,113.19859,15.698,13.5,5.858292972505608
42.75,4.4,42.0,9,113.19859,15.698,2.2,4.637122014689179
42.75,2.97,42.0,10,113.19859,15.698,-9.6,3.2695260740890273
42.75,1.99,42.0,11,113.19859,15.698,-18.9,2.3088604155323216
42.75,1.43,42.0,12,113.19859,15.698,-23.0,1.715003782065348
42.75,1.59,42.25,1,213.69006,33.15203,-20.9,2.791818207939381
42.75,2.29,42.25,2,213.69006,33.15203,-13.0,3.4476055333511284
42.75,3.13,42.25,3,213.69006,33.15203,-2.4,4.052186566047616
42.75,4.48,42.25,4,213.69006,33.15203,9.4,5.092333452664978
42.75,5.19,42.25,5,213.69006,33.15203,18.8,5.39414099754086
42.75,5.97,42.25,6,213.69006,33.15203,23.1,5.968175145809075
42.75,5.8,42.25,7,213.69006,33.15203,21.2,5.898120424113527
42.75,5.73,42.25,8,213.69006,33.15203,13.5,6.257413761407204
42.75,4.4,42.25,9,213.69006,33.15203,2.2,5.3967365173587885
42.75,2.97,42.25,10,213.69006,33.15203,-9.6,4.2382161746101135
42.75,1.99,42.25,11,213.69006,33.15203,-18.9,3.3442290837903377
42.75,1.43,42.25,12,213.69006,33.15203,-23.0,2.641671883969958
42.75,1.59,42.5,1,135.95483,22.099607,-20.9,2.341258090311473
42.75,2.29,42.5,2,135.95483,22.099607,-13.0,3.031272308224817
42.75,3.13,42.5,3,135.95483,22.099607,-2.4,3.7509082934450677
42.75,4.48,42.5,4,135.95483,22.099607,9.4,4.9481758247428616
42.75,5.19,42.5,5,135.95483,22.099607,18.8,5.432104997986715
42.75,5.97,42.5,6,135.95483,22.099607,23.1,6.107849023296793
42.75,5.8,42.5,7,135.95483,22.099607,21.2,5.993291528042883
42.75,5.73,42.5,8,135.95483,22.099607,13.5,6.176796924296596
42.75,4.4,42.5,9,135.95483,22.099607,2.2,5.094769647527943
42.75,2.97,42.5,10,135.95483,22.099607,-9.6,3.7928345321187873
42.75,1.99,42.5,11,135.95483,22.099607,-18.9,2.8411465729402106
42.75,1.43,42.5,12,135.95483,22.099607,-23.0,2.183390741564966
42.75,1.59,42.75,1,123.46538,19.751318,-20.9,2.094654318942551
42.75,2.29,42.75,2,123.46538,19.751318,-13.0,2.782030378105679
42.75,3.13,42.75,3,123.46538,19.751318,-2.4,3.5321953267301986
42.75,4.48,42.75,4,123.46538,19.751318,9.4,4.765870965004272
42.75,5.19,42.75,5,123.46538,19.751318,18.8,5.314258942325529
42.75,5.97,42.75,6,123.46538,19.751318,23.1,6.016016305945949
42.75,5.8,42.75,7,123.46538,19.751318,21.2,5.885616852373807
42.75,5.73,42.75,8,123.46538,19.751318,13.5,5.9908838445061665
42.75,4.4,42.75,9,123.46538,19.751318,2.2,4.842675000651419
42.75,2.97,42.75,10,123.46538,19.751318,-9.6,3.5126570234012178
42.75,1.99,42.75,11,123.46538,19.751318,-18.9,2.5602068065085906
42.75,1.43,42.75,12,123.46538,19.751318,-23.0,1.9374365535661071
42.75,1.72,43.0,1,231.91122,25.062662,-20.9,2.4654820679152736
42.75,2.52,43.0,2,231.91122,25.062662,-13.0,3.2498931912207905
42.75,3.31,43.0,3,231.91122,25.062662,-2.4,3.8678464822537415
42.75,4.43,43.0,4,231.91122,25.062662,9.4,4.774763502097046
42.75,5.11,43.0,5,231.91122,25.062662,18.8,5.2219991167248265
42.75,5.87,43.0,6,231.91122,25.062662,23.1,5.86502696431561
42.75,5.9,43.0,7,231.91122,25.062662,21.2,5.953359497775385
42.75,5.79,43.0,8,231.91122,25.062662,13.5,6.09217708185309
42.75,4.37,43.0,9,231.91122,25.062662,2.2,4.9355887786177615
42.75,2.99,43.0,10,231.91122,25.062662,-9.6,3.7212342369293774
42.75,2.03,43.0,11,231.91122,25.062662,-18.9,2.822004555142847
42.75,1.52,43.0,12,231.91122,25.062662,-23.0,2.2586391453997283
42.75,1.72,43.25,1,97.04577,26.043003,-20.9,1.7323696978697292
42.75,2.52,43.25,2,97.04577,26.043003,-13.0,2.4634522127730394
42.75,3.31,43.25,3,97.04577,26.043003,-2.4,3.1531119319642165
42.75,4.43,43.25,4,97.04577,26.043003,9.4,4.137211330860284
42.75,5.11,43.25,5,97.04577,26.043003,18.8,4.713392266555514
42.75,5.87,43.25,6,97.04577,26.043003,23.1,5.386866129493644
42.75,5.9,43.25,7,97.04577,26.043003,21.2,5.426423843512826
42.75,5.79,43.25,8,97.04577,26.043003,13.5,5.376736610267273
42.75,4.37,43.25,9,97.04577,26.043003,2.2,4.127648664497624
42.75,2.99,43.25,10,97.04577,26.043003,-9.6,2.8951270150644053
42.75,2.03,43.25,11,97.04577,26.043003,-18.9,2.0264968204694402
42.75,1.52,43.25,12,97.04577,26.043003,-23.0,1.5473856531757433
42.75,1.72,43.5,1,0.0,27.722574,-20.9,0.0
42.75,2.52,43.5,2,0.0,27.722574,-13.0,0.5090050856849884
42.75,3.31,43.5,3,0.0,27.722574,-2.4,1.3821813084015695
42.75,4.43,43.5,4,0.0,27.722574,9.4,2.565216700729466
42.75,5.11,43.5,5,0.0,27.722574,18.8,3.4675455550847465
42.75,5.87,43.5,6,0.0,27.722574,23.1,4.221151239368733
42.75,5.9,43.5,7,0.0,27.722574,21.2,4.138836776949599
42.75,5.79,43.5,8,0.0,27.722574,13.5,3.6169610177132423
42.75,4.37,43.5,9,0.0,27.722574,2.2,2.1290521631633155
42.75,2.99,43.5,10,0.0,27.722574,-9.6,0.8438886897618327
42.75,2.03,43.5,11,0.0,27.722574,-18.9,0.04681283583758558
42.75,1.52,43.5,12,0.0,27.722574,-23.0,0.0
42.75,1.72,43.75,1,223.36342,13.283772,-20.9,2.254060468436944
42.75,2.52,43.75,2,223.36342,13.283772,-13.0,3.0708417817514184
42.75,3.31,43.75,3,223.36342,13.283772,-2.4,3.7772718727225003
42.75,4.43,43.75,4,223.36342,13.283772,9.4,4.798502189815503
42.75,5.11,43.75,5,223.36342,13.283772,18.8,5.352440371745677
42.75,5.87,43.75,6,223.36342,13.283772,23.1,6.063074304126347
42.75,5.9,43.75,7,223.36342,13.283772,21.2,6.1313668295046515
42.75,5.79,43.75,8,223.36342,13.283772,13.5,6.176747749880914
42.75,4.37,43.75,9,223.36342,13.283772,2.2,4.877660473286214
42.75,2.99,43.75,10,223.36342,13.283772,-9.6,3.5574126974698883
42.75,2.03,43.75,11,223.36342,13.283772,-18.9,2.604164648164631
42.75,1.52,43.75,12,223.36342,13.283772,-23.0,2.0429994207681075
43.0,1.62,41.0,1,240.94539,3.045231,-20.9,1.7030268088061753
43.0,2.48,41.0,2,240.94539,3.045231,-13.0,2.5713561326160645
43.0,3.33,41.0,3,240.94539,3.045231,-2.4,3.412417880557119
43.0,4.7,41.0,4,240.94539,3.045231,9.4,4.773926369268443
43.0,5.1,41.0,5,240.94539,3.045231,18.8,5.151931443254315
43.0,5.85,41.0,6,240.94539,3.045231,23.1,5.8963739725385516
43.0,5.98,41.0,7,240.94539,3.045231,21.2,6.0332635470461895
43.0,5.67,41.0,8,240.94539,3.045231,13.5,5.7447562775213505
43.0,4.39,41.0,9,240.94539,3.045231,2.2,4.481563928673737
43.0,3.06,41.0,10,240.94539,3.045231,-9.6,3.1589364533001905
43.0,1.97,41.0,11,240.94539,3.045231,-18.9,2.0624047507359866
43.0,1.46,41.0,12,240.94539,3.045231,-23.0,1.542540221388462
43.0,1.62,41.25,1,336.2505,19.43348,-20.9,0.5206551553330454
43.0,2.48,41.25,2,336.2505,19.43348,-13.0,1.2190055096573258
43.0,3.33,41.25,3,336.2505,19.43348,-2.4,2.1119186692775074
43.0,4.7,41.25,4,336.2505,19.43348,9.4,3.48126574100251
43.0,5.1,41.25,5,336.2505,19.43348,18.8,4.111437801567637
43.0,5.85,41.25,6,336.2505,19.43348,23.1,4.87180822243924
43.0,5.98,41.25,7,336.2505,19.43348,21.2,4.910910518352118
43.0,5.67,41.25,8,336.2505,19.43348,13.5,4.370038778881747
43.0,4.39,41.25,9,336.2505,19.43348,2.2,2.985900427553
43.0,3.06,41.25,10,336.2505,19.43348,-9.6,1.6668162735025718
43.0,1.97,41.25,11,336.2505,19.43348,-18.9,0.7341839871094642
43.0,1.46,41.25,12,336.2505,19.43348,-23.0,0.37818121965234236
43.0,1.62,41.5,1,173.18564,33.0676,-20.9,3.1491587758680826
43.0,2.48,41.5,2,173.18564,33.0676,-13.0,4.070275152611114
43.0,3.33,41.5,3,173.18564,33.0676,-2.4,4.620105337812597
43.0,4.7,41.5,4,173.18564,33.0676,9.4,5.630510705648273
43.0,5.1,41.5,5,173.18564,33.0676,18.8,5.515701837429493
43.0,5.85,41.5,6,173.18564,33.0676,23.1,6.049758476933157
43.0,5.98,41.5,7,173.18564,33.0676,21.2,6.307234137988416
43.0,5.67,41.5,8,173.18564,33.0676,13.5,6.4895884302457425
43.0,4.39,41.5,9,173.18564,33.0676,2.2,5.731908572639464
43.0,3.06,41.5,10,173.18564,33.0676,-9.6,4.732712335293792
43.0,1.97,41.5,11,173.18564,33.0676,-18.9,3.6497784713868677
43.0,1.46,41.5,12,173.18564,33.0676,-23.0,3.000111828219239
43.0,1.62,41.75,1,308.3675,16.914711,-20.9,0.9527289248478358
43.0,2.48,41.75,2,308.3675,16.914711,-13.0,1.7087197471340776
43.0,3.33,41.75,3,308.3675,16.914711,-2.4,2.576112491266483
43.0,4.7,41.75,4,308.3675,16.914711,9.4,3.9327424454390854
43.0,5.1,41.75,5,308.3675,16.914711,18.8,4.465445452627594
43.0,5.85,41.75,6,308.3675,16.914711,23.1,5.214487781543896
43.0,5.98,41.75,7,308.3675,16.914711,21.2,5.289352865447668
43.0,5.67,41.75,8,308.3675,16.914711,13.5,4.845382055560728
43.0,4.39,41.75,9,308.3675,16.914711,2.2,3.5157572605013017
43.0,3.06,41.75,10,308.3675,16.914711,-9.6,2.204834225941537
43.0,1.97,41.75,11,308.3675,16.914711,-18.9,1.2184837917316764
43.0,1.46,41.75,12,308.3675,16.914711,-23.0,0.8046382478659296
43.0,1.72,42.0,1,51.581944,28.874247,-20.9,0.45265869949800414
43.0,2.68,42.0,2,51.581944,28.874247,-13.0,1.1545912707714947
43.0,3.5,42.0,3,51.581944,28.874247,-2.4,1.9998925557921772
43.0,4.51,42.0,4,51.581944,28.874247,9.4,3.0501997558957985
43.0,4.89,42.0,5,51.581944,28.874247,18.8,3.622645476299595
43.0,5.64,42.0,6,51.581944,28.874247,23.1,4.326217287972184
43.0,5.92,42.0,7,51.581944,28.874247,21.2,4.47353322023896
43.0,5.6,42.0,8,51.581944,28.874247,13.5,3.9531144511760425
43.0,4.32,42.0,9,51.581944,28.874247,2.2,2.6640268009215458
43.0,3.0,42.0,10,51.581944,28.874247,-9.6,1.4496404788158388
43.0,2.04,42.0,11,51.581944,28.874247,-18.9,0.6399697363394491
43.0,1.57,42.0,12,51.581944,28.874247,-23.0,0.31670918745237864
43.0,1.72,42.25,1,118.044685,32.161438,-20.9,2.334753510380036
43.0,2.68,42.25,2,118.044685,32.161438,-13.0,3.2631442087789853
43.0,3.5,42.25,3,118.044685,32.161438,-2.4,3.8511898863111513
43.0,4.51,42.25,4,118.044685,32.161438,9.4,4.567863965121382
43.0,4.89,42.25,5,118.044685,32.161438,18.8,4.689642538440583
43.0,5.64,42.25,6,118.044685,32.161438,23.1,5.285513830011755
43.0,5.92,42.25,7,118.044685,32.161438,21.2,5.604181017471195
43.0,5.6,42.25,8,118.044685,32.161438,13.5,5.533624200647198
43.0,4.32,42.25,9,118.044685,32.161438,2.2,4.590338204583012
43.0,3.0,42.25,10,118.044685,32.161438,-9.6,3.5216708452383956
43.0,2.04,42.25,11,118.044685,32.161438,-18.9,2.68313932976251
43.0,1.57,42.25,12,118.044685,32.161438,-23.0,2.211605121551704
43.0,1.72,42.5,1,323.88065,32.230213,-20.9,0.0
43.0,2.68,42.5,2,323.88065,32.230213,-13.0,0.5553109103331718
43.0,3.5,42.5,3,323.88065,32.230213,-2.4,1.4316449480606903
43.0,4.51,42.5,4,323.88065,32.230213,9.4,2.524159518460958
43.0,4.89,42.5,5,323.88065,32.230213,18.8,3.189732474474495
43.0,5.64,42.5,6,323.88065,32.230213,23.1,3.891374044472489
43.0,5.92,42.5,7,323.88065,32.230213,21.2,3.987707031444843
43.0,5.6,42.5,8,323.88065,32.230213,13.5,3.3721509054396344
43.0,4.32,42.5,9,323.88065,32.230213,2.2,2.047871271579675
43.0,3.0,42.5,10,323.88065,32.230213,-9.6,0.847296251034996
43.0,2.04,42.5,11,323.88065,32.230213,-18.9,0.07970496886828535
43.0,1.57,42.5,12,323.88065,32.230213,-23.0,0.0
43.0,1.72,42.75,1,301.94476,27.101952,-20.9,0.6848390069106526
43.0,2.68,42.75,2,301.94476,27.101952,-13.0,1.4279914836869192
43.0,3.5,42.75,3,301.94476,27.101952,-2.4,2.260168550583023
43.0,4.51,42.75,4,301.94476,27.101952,9.4,3.2925121544355647
43.0,4.89,42.75,5,301.94476,27.101952,18.8,3.8233303335199897
43.0,5.64,42.75,6,301.94476,27.101952,23.1,4.52858178900987
43.0,5.92,42.75,7,301.94476,27.101952,21.2,4.699212913203838
43.0,5.6,42.75,8,301.94476,27.101952,13.5,4.221393710246916
43.0,4.32,42.75,9,301.94476,27.101952,2.2,2.9468119470165726
43.0,3.0,42.75,10,301.94476,27.101952,-9.6,1.724768597281205
43.0,2.04,42.75,11,301.94476,27.101952,-18.9,0.8950687468022628
43.0,1.57,42.75,12,301.94476,27.101952,-23.0,0.5476163775781007
43.0,1.67,43.0,1,317.07,29.194181,-20.9,0.24041260806325168
43.0,2.45,43.0,2,317.07,29.194181,-13.0,0.8415526106494899
43.0,3.0,43.0,3,317.07,29.194181,-2.4,1.5324317816130706
43.0,4.48,43.0,4,317.07,29.194181,9.4,2.847886043578112
43.0,4.98,43.0,5,317.07,29.194181,18.8,3.548084978122367
43.0,5.68,43.0,6,317.07,29.194181,23.1,4.224153549261112
43.0,5.81,43.0,7,317.07,29.194181,21.2,4.242032634927571
43.0,5.39,43.0,8,317.07,29.194181,13.5,3.616215339395715
43.0,4.02,43.0,9,317.07,29.194181,2.2,2.270082993543064
43.0,2.82,43.0,10,317.07,29.194181,-9.6,1.144504984537372
43.0,1.83,43.0,11,317.07,29.194181,-18.9,0.3735198045993888
43.0,1.42,43.0,12,317.07,29.194181,-23.0,0.1005695988010221
43.25,1.44,40.5,1,133.63608,16.048462,-20.9,1.950884460651711
43.25,2.21,40.5,2,133.63608,16.048462,-13.0,2.7548490693462524
43.25,3.3,40.5,3,133.63608,16.048462,-2.4,3.815387757326513
43.25,4.54,40.5,4,133.63608,16.048462,9.4,4.943968630539688
43.25,5.31,40.5,5,133.63608,16.048462,18.8,5.563641969688878
43.25,6.1,40.5,6,133.63608,16.048462,23.1,6.289280113861972
43.25,6.09,40.5,7,133.63608,16.048462,21.2,6.323238793299243
43.25,5.72,40.5,8,133.63608,16.048462,13.5,6.120761196692662
43.25,4.35,40.5,9,133.63608,16.048462,2.2,4.9031282074043085
43.25,3.01,40.5,10,133.63608,16.048462,-9.6,3.650577455624781
43.25,1.92,40.5,11,133.63608,16.048462,-18.9,2.538421606516896
43.25,1.32,40.5,12,133.63608,16.048462,-23.0,1.8408582472060324
43.25,1.44,40.75,1,176.39154,42.008602,-20.9,3.0551359343008984
43.25,2.21,40.75,2,176.39154,42.008602,-13.0,3.8512572437651236
43.25,3.3,40.75,3,176.39154,42.008602,-2.4,4.706753035592076
43.25,4.54,40.75,4,176.39154,42.008602,9.4,5.407227590621224
43.25,5.31,40.75,5,176.39154,42.008602,18.8,5.55812188335523
43.25,6.1,40.75,6,176.39154,42.008602,23.1,6.027579608884475
43.25,6.09,40.75,7,176.39154,42.008602,21.2,6.172689603910767
43.25,5.72,40.75,8,176.39154,42.008602,13.5,6.433795582662103
43.25,4.35,40.75,9,176.39154,42.008602,2.2,5.762351105870954
43.25,3.01,40.75,10,176.39154,42.008602,-9.6,4.890006026682666
43.25,1.92,40.75,11,176.39154,42.008602,-18.9,3.8537920328018487
43.25,1.32,40.75,12,176.39154,42.008602,-23.0,2.9845166797083804
43.25,1.62,41.0,1,207.07208,33.562008,-20.9,2.9959109548679987
43.25,2.48,41.0,2,207.07208,33.562008,-13.0,3.8936442323174747
43.25,3.33,41.0,3,207.07208,33.562008,-2.4,4.451720426311581
43.25,4.7,41.0,4,207.07208,33.562008,9.4,5.468236595452985
43.25,5.1,41.0,5,207.07208,33.562008,18.8,5.391253172443672
43.25,5.85,41.0,6,207.07208,33.562008,23.1,5.931428855719479
43.25,5.98,41.0,7,207.07208,33.562008,21.2,6.175406791787556
43.25,5.67,41.0,8,207.07208,33.562008,13.5,6.320019295862065
43.25,4.39,41.0,9,207.07208,33.562008,2.2,5.5400222770250185
43.25,3.06,41.0,10,207.07208,33.562008,-9.6,4.537987837179492
43.25,1.97,41.0,11,207.07208,33.562008,-18.9,3.4770185183102718
43.25,1.46,41.0,12,207.07208,33.562008,-23.0,2.849993251240842
43.25,1.62,41.25,1,13.60054,27.807926,-20.9,0.0
43.25,2.48,41.25,2,13.60054,27.807926,-13.0,0.5106672232958951
43.25,3.33,41.25,3,13.60054,27.807926,-2.4,1.4008726470124755
43.25,4.7,41.25,4,13.60054,27.807926,9.4,2.7278791712598593
43.25,5.1,41.25,5,13.60054,27.807926,18.8,3.4596120355109505
43.25,5.85,41.25,6,13.60054,27.807926,23.1,4.201099781384775
43.25,5.98,41.25,7,13.60054,27.807926,21.2,4.191139175006514
43.25,5.67,41.25,8,13.60054,27.807926,13.5,3.545798390798281
43.25,4.39,41.25,9,13.60054,27.807926,2.2,2.149619212594717
43.25,3.06,41.25,10,13.60054,27.807926,-9.6,0.8753558988444672
43.25,1.97,41.25,11,13.60054,27.807926,-18.9,0.05187156903715198
43.25,1.46,41.25,12,13.60054,27.807926,-23.0,0.0
43.25,1.62,41.5,1,243.17802,27.452913,-20.9,2.133128333054536
43.25,2.48,41.5,2,243.17802,27.452913,-13.0,2.9728149508898563
43.25,3.33,41.5,3,243.17802,27.452913,-2.4,3.663617404404557
43.25,4.7,41.5,4,243.17802,27.452913,9.4,4.82648213388087
43.25,5.1,41.5,5,243.17802,27.452913,18.8,5.008055033619779
43.25,5.85,41.5,6,243.17802,27.452913,23.1,5.637767031116266
43.25,5.98,41.5,7,243.17802,27.452913,21.2,5.810450624942681
43.25,5.67,41.5,8,243.17802,27.452913,13.5,5.705629763069065
43.25,4.39,41.5,9,243.17802,27.452913,2.2,4.690886271098316
43.25,3.06,41.5,10,243.17802,27.452913,-9.6,3.5555516382088537
43.25,1.97,41.5,11,243.17802,27.452913,-18.9,2.5237750645275803
43.25,1.46,41.5,12,243.17802,27.452913,-23.0,1.9858249907613394
43.5,1.44,40.25,1,28.72033,36.30179,-20.9,0.0
43.5,2.21,40.25,2,28.72033,36.30179,-13.0,0.04746909508919211
43.5,3.3,40.25,3,28.72033,36.30179,-2.4,0.891440829558937
43.5,4.54,40.25,4,28.72033,36.30179,9.4,2.0628976948206317
43.5,5.31,40.25,5,28.72033,36.30179,18.8,3.0113167629287783
43.5,6.1,40.25,6,28.72033,36.30179,23.1,3.7382009322017313
43.5,6.09,40.25,7,28.72033,36.30179,21.2,3.6111812761880198
43.5,5.72,40.25,8,28.72033,36.30179,13.5,2.895164526874126
43.5,4.35,40.25,9,28.72033,36.30179,2.2,1.5215368112486465
43.5,3.01,40.25,10,28.72033,36.30179,-9.6,0.34433186873460003
43.5,1.92,40.25,11,28.72033,36.30179,-18.9,0.0
43.5,1.32,40.25,12,28.72033,36.30179,-23.0,0.0
43.5,1.44,40.5,1,266.92255,26.971882,-20.9,1.3565523914354736
43.5,2.21,40.5,2,266.92255,26.971882,-13.0,2.0509177923509947
43.5,3.3,40.5,3,266.92255,26.971882,-2.4,3.0239741911448323
43.5,4.54,40.5,4,266.92255,26.971882,9.4,4.121025996678281
43.5,5.31,40.5,5,266.92255,26.971882,18.8,4.791896253558766
43.5,6.1,40.5,6,266.92255,26.971882,23.1,5.491736447384076
43.5,6.09,40.5,7,266.92255,26.971882,21.2,5.4884031163707325
43.5,5.72,40.5,8,266.92255,26.971882,13.5,5.178243525135858
43.5,4.35,40.5,9,266.92255,26.971882,2.2,3.9698998660897007
43.5,3.01,40.5,10,266.92255,26.971882,-9.6,2.780215188988556
43.5,1.92,40.5,11,266.92255,26.971882,-18.9,1.800586108856234
43.5,1.32,40.5,12,266.92255,26.971882,-23.0,1.2503421923984255
