latitude,longitude,month,pvgis_poa
41.25,43.25,1,2.0630730050933788
41.25,43.25,2,3.001259398496241
41.25,43.25,3,4.330135823429542
41.25,43.25,4,4.738157894736842
41.25,43.25,5,5.3380984719864175
41.25,43.25,6,6.379561403508772
41.25,43.25,7,6.6966044142614605
41.25,43.25,8,6.32748726655348
41.25,43.25,9,5.242947368421053
41.25,43.25,10,3.6769439728353137
41.25,43.25,11,2.479473684210526
41.25,43.25,12,1.9003225806451611
41.25,43.5,1,1.8522750424448218
41.25,43.5,2,2.595958646616541
41.25,43.5,3,3.488658743633277
41.25,43.5,4,4.3556842105263165
41.25,43.5,5,5.042037351443124
41.25,43.5,6,5.806877192982456
41.25,43.5,7,5.953599320882852
41.25,43.5,8,5.699066213921902
41.25,43.5,9,4.729754385964912
41.25,43.5,10,3.3326485568760615
41.25,43.5,11,2.122140350877193
41.25,43.5,12,1.5432427843803056
41.25,43.75,1,1.5329202037351444
41.25,43.75,2,2.169135338345865
41.25,43.75,3,3.572665534804754
41.25,43.75,4,4.423473684210526
41.25,43.75,5,5.146044142614602
41.25,43.75,6,6.327473684210527
41.25,43.75,7,6.591833616298811
41.25,43.75,8,6.087843803056027
41.25,43.75,9,4.935859649122807
41.25,43.75,10,3.2751103565365023
41.25,43.75,11,2.065859649122807
41.25,43.75,12,1.362614601018676
41.25,44.0,1,2.0348217317487265
41.25,44.0,2,2.716898496240602
41.25,44.0,3,3.47088285229202
41.25,44.0,4,4.183929824561404
41.25,44.0,5,4.674702886247878
41.25,44.0,6,5.007105263157895
41.25,44.0,7,4.68018675721562
41.25,44.0,8,4.894719864176571
41.25,44.0,9,3.995438596491228
41.25,44.0,10,3.2331409168081495
41.25,44.0,11,2.3343508771929824
41.25,44.0,12,1.9210016977928692
41.25,44.25,1,1.848370118845501
41.25,44.25,2,2.5254135338345867
41.25,44.25,3,3.2561799660441424
41.25,44.25,4,3.949473684210526
41.25,44.25,5,4.7487436332767405
41.25,44.25,6,5.498140350877193
41.25,44.25,7,5.2800169779286925
41.25,44.25,8,5.172224108658744
41.25,44.25,9,4.043
41.25,44.25,10,2.940101867572156
41.25,44.25,11,2.1269649122807013
41.25,44.25,12,1.6991171477079796
41.25,44.5,1,1.779320882852292
41.25,44.5,2,2.533139097744361
41.25,44.5,3,3.155653650254669
41.25,44.5,4,3.933035087719298
41.25,44.5,5,4.7559083191850595
41.25,44.5,6,5.459298245614035
41.25,44.5,7,5.480050933786078
41.25,44.5,8,5.347894736842105
41.25,44.5,9,3.892140350877193
41.25,44.5,10,2.712207130730051
41.25,44.5,11,2.0337894736842106
41.25,44.5,12,1.6904584040747028
41.25,44.75,1,2.0242954159592528
41.25,44.75,2,2.7628195488721805
41.25,44.75,3,3.3858573853989813
41.25,44.75,4,4.169929824561404
41.25,44.75,5,5.033870967741935
41.25,44.75,6,5.877122807017543
41.25,44.75,7,5.904617996604414
41.25,44.75,8,5.606621392190154
41.25,44.75,9,4.215473684210527
41.25,44.75,10,2.9524108658743637
41.25,44.75,11,2.2132280701754388
41.25,44.75,12,1.9268590831918506
41.25,45.75,1,2.1032937181663836
41.25,45.75,2,2.7666917293233086
41.25,45.75,3,3.885806451612903
41.25,45.75,4,4.839368421052631
41.25,45.75,5,5.710254668930391
41.25,45.75,6,6.522157894736842
41.25,45.75,7,6.5283870967741935
41.25,45.75,8,6.108064516129032
41.25,45.75,9,4.758842105263158
41.25,45.75,10,3.3000169779286925
41.25,45.75,11,2.4123859649122807
41.25,45.75,12,1.9976570458404073
41.25,46.0,1,2.153684210526316
41.25,46.0,2,2.8654887218045113
41.25,46.0,3,3.9653989813242783
41.25,46.0,4,4.951859649122807
41.25,46.0,5,5.884753820033955
41.25,46.0,6,6.7072982456140355
41.25,46.0,7,6.6893039049236
41.25,46.0,8,6.244040747028863
41.25,46.0,9,4.929578947368421
41.25,46.0,10,3.4393378607809844
41.25,46.0,11,2.477421052631579
41.25,46.0,12,2.0403395585738537
41.25,46.25,1,1.9022580645161293
41.25,46.25,2,2.6019172932330825
41.25,46.25,3,3.716078098471986
41.25,46.25,4,4.8001929824561405
41.25,46.25,5,5.893378607809846
41.25,46.25,6,6.766280701754385
41.25,46.25,7,6.695568760611205
41.25,46.25,8,6.148421052631579
41.25,46.25,9,4.722684210526316
41.25,46.25,10,3.164346349745331
41.25,46.25,11,2.2097894736842103
41.25,46.25,12,1.7648217317487267
41.25,46.5,1,1.9509677419354838
41.25,46.5,2,2.6341353383458643
41.25,46.5,3,3.748760611205433
41.25,46.5,4,4.785035087719297
41.25,46.5,5,5.859575551782682
41.25,46.5,6,6.772561403508773
41.25,46.5,7,6.669728353140917
41.25,46.5,8,6.166502546689305
41.25,46.5,9,4.763877192982457
41.25,46.5,10,3.179151103565365
41.25,46.5,11,2.251315789473684
41.25,46.5,12,1.7913582342954157
41.5,41.75,1,0.9944651952461799
41.5,41.75,2,2.573984962406015
41.5,41.75,3,3.458590831918506
41.5,41.75,4,4.438666666666666
41.5,41.75,5,4.837147707979626
41.5,41.75,6,4.517719298245614
41.5,41.75,7,4.067894736842105
41.5,41.75,8,4.261358234295416
41.5,41.75,9,4.081157894736842
41.5,41.75,10,3.08213921901528
41.5,41.75,11,1.5952456140350875
41.5,41.75,12,0.664855687606112
41.5,42.0,1,2.379507640067912
41.5,42.0,2,3.143571428571429
41.5,42.0,3,3.9810526315789474
41.5,42.0,4,4.956877192982456
41.5,42.0,5,4.969032258064517
41.5,42.0,6,4.847245614035088
41.5,42.0,7,4.525280135823429
41.5,42.0,8,4.784753820033956
41.5,42.0,9,4.152894736842105
41.5,42.0,10,3.1495755517826827
41.5,42.0,11,2.253280701754386
41.5,42.0,12,2.1601188455008486
41.5,42.25,1,2.0377758913412563
41.5,42.25,2,3.5650563909774435
41.5,42.25,3,4.483548387096774
41.5,42.25,4,5.162210526315789
41.5,42.25,5,5.278675721561969
41.5,42.25,6,6.026649122807018
41.5,42.25,7,6.082359932088285
41.5,42.25,8,6.042342954159592
41.5,42.25,9,4.941684210526316
41.5,42.25,10,3.507453310696095
41.5,42.25,11,2.1739122807017544
41.5,42.25,12,1.3234634974533106
41.5,42.5,1,2.2056706281833613
41.5,42.5,2,3.298984962406015
41.5,42.5,3,4.340950764006791
41.5,42.5,4,5.239333333333334
41.5,42.5,5,5.273480475382003
41.5,42.5,6,5.659824561403509
41.5,42.5,7,5.605789473684211
41.5,42.5,8,5.621646859083192
41.5,42.5,9,4.684087719298246
41.5,42.5,10,3.2739049235993205
41.5,42.5,11,2.0922280701754383
41.5,42.5,12,1.9174533106960954
41.5,43.0,1,1.0866213921901529
41.5,43.0,2,2.371597744360902
41.5,43.0,3,3.7665025466893036
41.5,43.0,4,4.499631578947368
41.5,43.0,5,4.786977928692699
41.5,43.0,6,5.459122807017544
41.5,43.0,7,5.491222410865874
41.5,43.0,8,5.374821731748727
41.5,43.0,9,4.282614035087719
41.5,43.0,10,2.710288624787776
41.5,43.0,11,1.4671052631578947
41.5,43.0,12,0.765483870967742
41.5,43.25,1,2.0313412563667232
41.5,43.25,2,3.116823308270677
41.5,43.25,3,3.872682512733447
41.5,43.25,4,4.50040350877193
41.5,43.25,5,5.110118845500849
41.5,43.25,6,6.011122807017544
41.5,43.25,7,6.384516129032257
41.5,43.25,8,6.000780984719864
41.5,43.25,9,4.8201754385964914
41.5,43.25,10,3.4666553480475386
41.5,43.25,11,2.508508771929825
41.5,43.25,12,1.872597623089983
41.5,43.5,1,1.7452122241086587
41.5,43.5,2,2.8196052631578943
41.5,43.5,3,3.9343972835314096
41.5,43.5,4,4.4936491228070174
41.5,43.5,5,5.17062818336163
41.5,43.5,6,6.195561403508772
41.5,43.5,7,6.40088285229202
41.5,43.5,8,5.918913412563667
41.5,43.5,9,4.722947368421052
41.5,43.5,10,3.2288794567062817
41.5,43.5,11,1.9988596491228068
41.5,43.5,12,1.5496774193548386
41.5,43.75,1,1.8484040747028863
41.5,43.75,2,2.6633834586466167
41.5,43.75,3,3.696485568760611
41.5,43.75,4,4.497491228070175
41.5,43.75,5,5.179609507640068
41.5,43.75,6,6.02780701754386
41.5,43.75,7,6.3262818336162985
41.5,43.75,8,5.879354838709677
41.5,43.75,9,4.711035087719298
41.5,43.75,10,3.37427843803056
41.5,43.75,11,2.2357017543859645
41.5,43.75,12,1.5864685908319185
41.5,44.0,1,1.9931239388794568
41.5,44.0,2,2.7231015037593984
41.5,44.0,3,3.452631578947368
41.5,44.0,4,4.072684210526315
41.5,44.0,5,4.58792869269949
41.5,44.0,6,4.910561403508772
41.5,44.0,7,4.7982682512733446
41.5,44.0,8,4.8553480475382
41.5,44.0,9,3.670140350877193
41.5,44.0,10,2.988353140916808
41.5,44.0,11,2.2779122807017544
41.5,44.0,12,1.9043972835314094
41.5,44.25,1,1.0219354838709676
41.5,44.25,2,2.6712781954887217
41.5,44.25,3,3.4965195246179963
41.5,44.25,4,4.165052631578948
41.5,44.25,5,4.832410865874363
41.5,44.25,6,5.576263157894737
41.5,44.25,7,5.696112054329372
41.5,44.25,8,5.643174872665535
41.5,44.25,9,4.3334210526315795
41.5,44.25,10,2.98276740237691
41.5,44.25,11,1.5961228070175437
41.5,44.25,12,0.6602037351443124
41.5,44.5,1,1.8970797962648558
41.5,44.5,2,2.6300939849624063
41.5,44.5,3,3.4109337860780986
41.5,44.5,4,4.303614035087719
41.5,44.5,5,5.299864176570458
41.5,44.5,6,6.1661403508771935
41.5,44.5,7,6.141494057724958
41.5,44.5,8,5.739083191850595
41.5,44.5,9,4.306280701754386
41.5,44.5,10,2.890390492359932
41.5,44.5,11,2.088578947368421
41.5,44.5,12,1.7733616298811543
41.5,44.75,1,1.9191850594227506
41.5,44.75,2,2.686973684210526
41.5,44.75,3,3.6001188455008486
41.5,44.75,4,4.56422807017544
41.5,44.75,5,5.5553480475381996
41.5,44.75,6,6.400842105263157
41.5,44.75,7,6.39409168081494
41.5,44.75,8,5.932478777589134
41.5,44.75,9,4.538877192982456
41.5,44.75,10,3.033803056027165
41.5,44.75,11,2.154561403508772
41.5,44.75,12,1.7988455008488964
41.5,45.0,1,2.107640067911715
41.5,45.0,2,2.89046992481203
41.5,45.0,3,3.880050933786078
41.5,45.0,4,4.821368421052631
41.5,45.0,5,5.747826825127334
41.5,45.0,6,6.582684210526316
41.5,45.0,7,6.560831918505943
41.5,45.0,8,6.150033955857386
41.5,45.0,9,4.855649122807018
41.5,45.0,10,3.341290322580645
41.5,45.0,11,2.3820877192982457
41.5,45.0,12,2.0162308998302207
41.5,45.25,1,1.9271816638370116
41.5,45.25,2,2.6964849624060148
41.5,45.25,3,3.747283531409168
41.5,45.25,4,4.713263157894736
41.5,45.25,5,5.723480475382003
41.5,45.25,6,6.4738070175438605
41.5,45.25,7,6.383972835314092
41.5,45.25,8,5.964702886247879
41.5,45.25,9,4.608052631578947
41.5,45.25,10,3.09427843803056
41.5,45.25,11,2.208736842105263
41.5,45.25,12,1.8501528013582342
41.5,45.5,1,1.9442954159592531
41.5,45.5,2,2.692518796992481
41.5,45.5,3,3.746994906621392
41.5,45.5,4,4.736771929824561
41.5,45.5,5,5.7607130730050935
41.5,45.5,6,6.562105263157894
41.5,45.5,7,6.41993208828523
41.5,45.5,8,6.021035653650254
41.5,45.5,9,4.633561403508772
41.5,45.5,10,3.1395585738539897
41.5,45.5,11,2.2104210526315793
41.5,45.5,12,1.8337011884550085
41.5,45.75,1,1.8429541595925296
41.5,45.75,2,2.5643984962406017
41.5,45.75,3,3.6264346349745327
41.5,45.75,4,4.6553508771929835
41.5,45.75,5,5.74955857385399
41.5,45.75,6,6.576368421052631
41.5,45.75,7,6.410305602716469
41.5,45.75,8,5.9555687606112055
41.5,45.75,9,4.542929824561403
41.5,45.75,10,3.0460950764006793
41.5,45.75,11,2.1329122807017544
41.5,45.75,12,1.7413752122241086
41.5,46.0,1,2.191392190152801
41.5,46.0,2,2.8843045112781955
41.5,46.0,3,3.881171477079796
41.5,46.0,4,4.789842105263158
41.5,46.0,5,5.743870967741936
41.5,46.0,6,6.494
41.5,46.0,7,6.344719864176571
41.5,46.0,8,6.109660441426146
41.5,46.0,9,4.8
41.5,46.0,10,3.3922920203735143
41.5,46.0,11,2.6217894736842107
41.5,46.0,12,2.196451612903226
41.5,46.25,1,1.7309337860780984
41.5,46.25,2,2.4687781954887216
41.5,46.25,3,3.4897283531409165
41.5,46.25,4,4.585508771929825
41.5,46.25,5,5.668166383701188
41.5,46.25,6,6.514842105263158
41.5,46.25,7,6.29188455008489
41.5,46.25,8,5.813361629881155
41.5,46.25,9,4.487754385964911
41.5,46.25,10,2.9975891341256364
41.5,46.25,11,2.072736842105263
41.5,46.25,12,1.6031239388794567
41.75,41.75,1,1.8630050933786078
41.75,41.75,2,2.5553947368421057
41.75,41.75,3,3.1208828522920204
41.75,41.75,4,4.278754385964913
41.75,41.75,5,4.875840407470289
41.75,41.75,6,4.5308245614035085
41.75,41.75,7,4.060696095076401
41.75,41.75,8,3.9925297113752123
41.75,41.75,9,3.6496666666666666
41.75,41.75,10,3.000899830220713
41.75,41.75,11,2.272842105263158
41.75,41.75,12,1.8588285229202037
41.75,42.0,1,2.2449915110356535
41.75,42.0,2,3.1638345864661654
41.75,42.0,3,3.6331578947368417
41.75,42.0,4,4.624631578947368
41.75,42.0,5,5.227691001697793
41.75,42.0,6,5.204964912280702
41.75,42.0,7,4.750407470288624
41.75,42.0,8,5.026825127334465
41.75,42.0,9,4.554719298245614
41.75,42.0,10,3.703921901528014
41.75,42.0,11,2.7355614035087723
41.75,42.0,12,2.1927334465195245
41.75,42.25,1,2.58
41.75,42.25,2,3.4986466165413534
41.75,42.25,3,3.9578777589134124
41.75,42.25,4,4.6569824561403514
41.75,42.25,5,4.930780984719864
41.75,42.25,6,5.306736842105264
41.75,42.25,7,5.155993208828524
41.75,42.25,8,5.589694397283531
41.75,42.25,9,4.948333333333334
41.75,42.25,10,3.909779286926995
41.75,42.25,11,2.685964912280702
41.75,42.25,12,2.5469439728353143
41.75,42.5,1,2.313565365025467
41.75,42.5,2,3.344680451127819
41.75,42.5,3,4.352818336162988
41.75,42.5,4,5.088052631578948
41.75,42.5,5,5.213446519524617
41.75,42.5,6,5.632333333333334
41.75,42.5,7,5.608183361629881
41.75,42.5,8,5.78213921901528
41.75,42.5,9,4.88277192982456
41.75,42.5,10,3.4219354838709677
41.75,42.5,11,2.136052631578947
41.75,42.5,12,1.864227504244482
41.75,42.75,1,2.5245331069609507
41.75,42.75,2,3.6609774436090228
41.75,42.75,3,4.203429541595926
41.75,42.75,4,4.8505087719298245
41.75,42.75,5,5.327334465195246
41.75,42.75,6,5.847649122807017
41.75,42.75,7,6.142410865874363
41.75,42.75,8,6.140696095076401
41.75,42.75,9,5.288368421052632
41.75,42.75,10,4.078828522920204
41.75,42.75,11,2.9996842105263157
41.75,42.75,12,2.43446519524618
41.75,43.0,1,2.58981324278438
41.75,43.0,2,3.651541353383459
41.75,43.0,3,4.295857385398982
41.75,43.0,4,4.926263157894737
41.75,43.0,5,5.370611205432937
41.75,43.0,6,5.9863333333333335
41.75,43.0,7,6.345738539898132
41.75,43.0,8,6.310458404074703
41.75,43.0,9,5.537000000000001
41.75,43.0,10,4.261358234295416
41.75,43.0,11,3.2283333333333335
41.75,43.0,12,2.7201867572156195
41.75,43.25,1,2.5560780984719864
41.75,43.25,2,3.7827443609022557
41.75,43.25,3,4.2175382003395585
41.75,43.25,4,4.629771929824561
41.75,43.25,5,4.754482173174872
41.75,43.25,6,5.355
41.75,43.25,7,5.527453310696095
41.75,43.25,8,5.805008488964346
41.75,43.25,9,5.010491228070176
41.75,43.25,10,3.9025127334465193
41.75,43.25,11,2.706877192982456
41.75,43.25,12,1.9594057724957554
41.75,43.5,1,1.7013242784380307
41.75,43.5,2,2.4406390977443606
41.75,43.5,3,3.6736502546689307
41.75,43.5,4,4.512403508771929
41.75,43.5,5,4.859219015280136
41.75,43.5,6,5.5799824561403515
41.75,43.5,7,5.789100169779287
41.75,43.5,8,5.644074702886249
41.75,43.5,9,4.35161403508772
41.75,43.5,10,3.0462648556876064
41.75,43.5,11,1.8118245614035087
41.75,43.5,12,1.409779286926995
41.75,43.75,1,1.878285229202037
41.75,43.75,2,3.0144360902255642
41.75,43.75,3,3.8632767402376906
41.75,43.75,4,4.439543859649123
41.75,43.75,5,4.965076400679117
41.75,43.75,6,5.35082456140351
41.75,43.75,7,5.635246179966043
41.75,43.75,8,5.570560271646859
41.75,43.75,9,4.229508771929825
41.75,43.75,10,3.2269269949066213
41.75,43.75,11,2.124561403508772
41.75,43.75,12,1.8017147707979628
41.75,44.0,1,2.211629881154499
41.75,44.0,2,2.911766917293233
41.75,44.0,3,3.872597623089983
41.75,44.0,4,4.425719298245614
41.75,44.0,5,4.933446519524618
41.75,44.0,6,5.512964912280702
41.75,44.0,7,5.684516129032258
41.75,44.0,8,5.511680814940577
41.75,44.0,9,4.2133859649122805
41.75,44.0,10,3.2935823429541595
41.75,44.0,11,2.372719298245614
41.75,44.0,12,2.1567402376910016
41.75,44.25,1,2.167079796264856
41.75,44.25,2,2.9637593984962405
41.75,44.25,3,3.63025466893039
41.75,44.25,4,4.260789473684211
41.75,44.25,5,5.009219015280135
41.75,44.25,6,5.7544385964912275
41.75,44.25,7,5.9437521222410865
41.75,44.25,8,5.652342954159592
41.75,44.25,9,4.135736842105263
41.75,44.25,10,3.026264855687606
41.75,44.25,11,2.296842105263158
41.75,44.25,12,2.005874363327674
41.75,44.5,1,2.5872835314091684
41.75,44.5,2,3.381691729323308
41.75,44.5,3,3.823972835314092
41.75,44.5,4,4.356473684210527
41.75,44.5,5,4.98006791171477
41.75,44.5,6,5.722491228070175
41.75,44.5,7,5.840713073005094
41.75,44.5,8,5.741052631578947
41.75,44.5,9,4.481508771929825
41.75,44.5,10,3.400543293718166
41.75,44.5,11,2.7255263157894736
41.75,44.5,12,2.458522920203735
41.75,44.75,1,2.3680814940577246
41.75,44.75,2,3.0685902255639097
41.75,44.75,3,3.9036502546689302
41.75,44.75,4,4.737280701754386
41.75,44.75,5,5.566960950764007
41.75,44.75,6,6.334438596491228
41.75,44.75,7,6.331171477079796
41.75,44.75,8,6.050203735144313
41.75,44.75,9,4.869385964912281
41.75,44.75,10,3.460747028862479
41.75,44.75,11,2.5930701754385965
41.75,44.75,12,2.239032258064516
41.75,45.0,1,2.1032937181663836
41.75,45.0,2,2.8815977443609024
41.75,45.0,3,3.8753480475382003
41.75,45.0,4,4.773052631578947
41.75,45.0,5,5.76376910016978
41.75,45.0,6,6.563280701754385
41.75,45.0,7,6.4878947368421045
41.75,45.0,8,6.099711375212224
41.75,45.0,9,4.80721052631579
41.75,45.0,10,3.32018675721562
41.75,45.0,11,2.371701754385965
41.75,45.0,12,2.009864176570458
41.75,45.25,1,2.0273005093378607
41.75,45.25,2,2.725996240601504
41.75,45.25,3,3.7356027164685908
41.75,45.25,4,4.7198596491228075
41.75,45.25,5,5.754974533106961
41.75,45.25,6,6.650315789473684
41.75,45.25,7,6.543752122241086
41.75,45.25,8,6.063633276740237
41.75,45.25,9,4.727736842105263
41.75,45.25,10,3.2095415959252973
41.75,45.25,11,2.2783333333333338
41.75,45.25,12,1.9205263157894739
41.75,45.5,1,2.1155517826825125
41.75,45.5,2,2.8508834586466167
41.75,45.5,3,3.752376910016978
41.75,45.5,4,4.738666666666666
41.75,45.5,5,5.7875891341256365
41.75,45.5,6,6.665035087719299
41.75,45.5,7,6.5437011884550085
41.75,45.5,8,6.13132427843803
41.75,45.5,9,4.814877192982456
41.75,45.5,10,3.341901528013582
41.75,45.5,11,2.4221578947368423
41.75,45.5,12,2.085993208828523
41.75,45.75,1,2.1401528013582345
41.75,45.75,2,2.8787406015037598
41.75,45.75,3,3.6604074702886247
41.75,45.75,4,4.606578947368421
41.75,45.75,5,5.641086587436332
41.75,45.75,6,6.517473684210526
41.75,45.75,7,6.392224108658744
41.75,45.75,8,6.063735144312394
41.75,45.75,9,4.866526315789474
41.75,45.75,10,3.3926655348047534
41.75,45.75,11,2.5013684210526317
41.75,45.75,12,2.026010186757216
41.75,46.0,1,1.7042275042444823
41.75,46.0,2,2.4652255639097747
41.75,46.0,3,3.4449745331069606
41.75,46.0,4,4.579017543859649
41.75,46.0,5,5.6994567062818335
41.75,46.0,6,6.606842105263158
41.75,46.0,7,6.404295415959253
41.75,46.0,8,5.905246179966044
41.75,46.0,9,4.556771929824562
41.75,46.0,10,3.0192699490662136
41.75,46.0,11,2.0321052631578946
41.75,46.0,12,1.5899660441426147
42.0,42.0,1,1.5857215619694398
42.0,42.0,2,2.2999812030075186
42.0,42.0,3,3.037894736842105
42.0,42.0,4,4.2803508771929835
42.0,42.0,5,5.161867572156198
42.0,42.0,6,5.362035087719298
42.0,42.0,7,4.952105263157895
42.0,42.0,8,4.945212224108659
42.0,42.0,9,4.092333333333333
42.0,42.0,10,2.9419524617996604
42.0,42.0,11,2.006105263157895
42.0,42.0,12,1.5503056027164686
42.0,42.5,1,1.6201018675721561
42.0,42.5,2,2.4211842105263157
42.0,42.5,3,3.020237691001698
42.0,42.5,4,4.035070175438596
42.0,42.5,5,4.426502546689304
42.0,42.5,6,4.44819298245614
42.0,42.5,7,4.119405772495756
42.0,42.5,8,4.515331069609508
42.0,42.5,9,3.7787543859649118
42.0,42.5,10,2.8956366723259763
42.0,42.5,11,1.9589298245614033
42.0,42.5,12,1.4001528013582343
42.0,42.75,1,0.9976400679117148
42.0,42.75,2,2.606785714285714
42.0,42.75,3,3.26062818336163
42.0,42.75,4,4.159333333333333
42.0,42.75,5,4.491629881154499
42.0,42.75,6,4.764263157894737
42.0,42.75,7,4.709083191850595
42.0,42.75,8,5.229235993208828
42.0,42.75,9,4.467368421052631
42.0,42.75,10,3.38106960950764
42.0,42.75,11,1.7215964912280703
42.0,42.75,12,0.664346349745331
42.0,43.0,1,1.8151782682512732
42.0,43.0,2,2.6468984962406017
42.0,43.0,3,3.2394057724957555
42.0,43.0,4,3.9725087719298244
42.0,43.0,5,4.207809847198642
42.0,43.0,6,4.497649122807017
42.0,43.0,7,4.469779286926995
42.0,43.0,8,5.102478777589135
42.0,43.0,9,4.260175438596492
42.0,43.0,10,3.2344991511035652
42.0,43.0,11,2.044877192982456
42.0,43.0,12,1.6282003395585738
42.0,43.25,1,2.4143803056027164
42.0,43.25,2,3.2063909774436086
42.0,43.25,3,3.666587436332767
42.0,43.25,4,4.357719298245614
42.0,43.25,5,4.781273344651953
42.0,43.25,6,5.252736842105263
42.0,43.25,7,5.332580645161291
42.0,43.25,8,5.8416808149405774
42.0,43.25,9,4.887421052631579
42.0,43.25,10,3.876876061120543
42.0,43.25,11,2.966140350877193
42.0,43.25,12,2.350475382003396
42.0,43.5,1,2.314855687606112
42.0,43.5,2,3.30109022556391
42.0,43.5,3,3.707894736842105
42.0,43.5,4,4.509385964912281
42.0,43.5,5,4.9908319185059415
42.0,43.5,6,5.593771929824561
42.0,43.5,7,5.733853989813243
42.0,43.5,8,6.013446519524618
42.0,43.5,9,5.047228070175438
42.0,43.5,10,3.784414261460102
42.0,43.5,11,2.7635964912280704
42.0,43.5,12,2.2373853989813246
42.0,43.75,1,1.798421052631579
42.0,43.75,2,2.647368421052632
42.0,43.75,3,3.358098471986418
42.0,43.75,4,4.3390701754385965
42.0,43.75,5,5.010016977928693
42.0,43.75,6,5.782894736842105
42.0,43.75,7,5.9245331069609515
42.0,43.75,8,5.779711375212225
42.0,43.75,9,4.524771929824562
42.0,43.75,10,3.0882682512733446
42.0,43.75,11,2.0814035087719294
42.0,43.75,12,1.6114261460101869
42.0,44.0,1,1.8597962648556878
42.0,44.0,2,2.6834398496240603
42.0,44.0,3,3.466247877758913
42.0,44.0,4,4.44840350877193
42.0,44.0,5,5.145772495755518
42.0,44.0,6,5.898964912280702
42.0,44.0,7,6.1345331069609506
42.0,44.0,8,5.8514601018675725
42.0,44.0,9,4.5753508771929825
42.0,44.0,10,3.1319185059422754
42.0,44.0,11,2.1292631578947367
42.0,44.0,12,1.6769100169779287
42.0,44.25,1,2.122359932088285
42.0,44.25,2,2.950187969924812
42.0,44.25,3,3.8359422750424446
42.0,44.25,4,4.845157894736842
42.0,44.25,5,5.573005093378608
42.0,44.25,6,6.331964912280701
42.0,44.25,7,6.547521222410865
42.0,44.25,8,6.1409677419354844
42.0,44.25,9,4.885105263157895
42.0,44.25,10,3.439609507640068
42.0,44.25,11,2.449087719298246
42.0,44.25,12,1.9818845500848896
42.0,44.5,1,1.938981324278438
42.0,44.5,2,2.7940037593984965
42.0,44.5,3,3.7440237691001697
42.0,44.5,4,4.7586315789473685
42.0,44.5,5,5.595059422750425
42.0,44.5,6,6.405122807017544
42.0,44.5,7,6.488336162988115
42.0,44.5,8,6.050288624787776
42.0,44.5,9,4.691087719298246
42.0,44.5,10,3.1972665534804756
42.0,44.5,11,2.1949298245614037
42.0,44.5,12,1.7586078098471984
42.0,44.75,1,2.0995585738539897
42.0,44.75,2,2.895526315789474
42.0,44.75,3,3.559422750424448
42.0,44.75,4,4.487368421052632
42.0,44.75,5,5.325178268251274
42.0,44.75,6,6.08219298245614
42.0,44.75,7,6.098964346349745
42.0,44.75,8,5.78949066213922
42.0,44.75,9,4.483210526315789
42.0,44.75,10,3.1551612903225803
42.0,44.75,11,2.2616315789473687
42.0,44.75,12,1.9304923599320882
42.0,45.25,1,2.034499151103565
42.0,45.25,2,2.776936090225564
42.0,45.25,3,3.564668930390493
42.0,45.25,4,4.357719298245614
42.0,45.25,5,5.214567062818336
42.0,45.25,6,6.001491228070176
42.0,45.25,7,6.045297113752122
42.0,45.25,8,5.76786078098472
42.0,45.25,9,4.4891929824561405
42.0,45.25,10,3.155110356536502
42.0,45.25,11,2.3158245614035087
42.0,45.25,12,1.9017657045840406
42.0,45.5,1,1.9956196943972837
42.0,45.5,2,2.82265037593985
42.0,45.5,3,3.608336162988115
42.0,45.5,4,4.482157894736842
42.0,45.5,5,5.425110356536502
42.0,45.5,6,6.300403508771931
42.0,45.5,7,6.325670628183362
42.0,45.5,8,5.991154499151103
42.0,45.5,9,4.696175438596492
42.0,45.5,10,3.218675721561969
42.0,45.5,11,2.3484035087719297
42.0,45.5,12,1.922478777589134
42.0,45.75,1,2.3058404074702885
42.0,45.75,2,2.995357142857143
42.0,45.75,3,3.594601018675721
42.0,45.75,4,4.513
42.0,45.75,5,5.4493718166383704
42.0,45.75,6,6.411245614035087
42.0,45.75,7,6.322699490662139
42.0,45.75,8,6.131612903225807
42.0,45.75,9,4.887684210526316
42.0,45.75,10,3.2787775891341258
42.0,45.75,11,2.4621754385964914
42.0,45.75,12,2.098166383701188
42.0,46.0,1,2.8743123938879456
42.0,46.0,2,3.8461466165413536
42.0,46.0,3,3.8779456706281836
42.0,46.0,4,4.448087719298245
42.0,46.0,5,5.201765704584041
42.0,46.0,6,5.99759649122807
42.0,46.0,7,5.9817147707979625
42.0,46.0,8,6.089286926994907
42.0,46.0,9,4.9783333333333335
42.0,46.0,10,3.6237691001697794
42.0,46.0,11,2.99559649122807
42.0,46.0,12,2.6172495755517824
42.25,41.75,1,1.6181324278438032
42.25,41.75,2,2.3940601503759393
42.25,41.75,3,3.1566213921901527
42.25,41.75,4,4.38398245614035
42.25,41.75,5,5.381477079796265
42.25,41.75,6,5.962649122807018
42.25,41.75,7,5.6219864176570455
42.25,41.75,8,5.609134125636673
42.25,41.75,9,4.412210526315789
42.25,41.75,10,3.0744651952461797
42.25,41.75,11,2.0769122807017544
42.25,41.75,12,1.5744991511035653
42.25,42.0,1,1.5604244482173175
42.25,42.0,2,2.3126315789473684
42.25,42.0,3,3.092716468590832
42.25,42.0,4,4.348877192982457
42.25,42.0,5,5.3514601018675725
42.25,42.0,6,5.951877192982456
42.25,42.0,7,5.637198641765704
42.25,42.0,8,5.588471986417657
42.25,42.0,9,4.3533333333333335
42.25,42.0,10,3.013599320882852
42.25,42.0,11,2.0085438596491225
42.25,42.0,12,1.4938709677419355
42.25,42.25,1,1.5683701188455008
42.25,42.25,2,2.3309210526315787
42.25,42.25,3,3.1109168081494056
42.25,42.25,4,4.382228070175438
42.25,42.25,5,5.321680814940578
42.25,42.25,6,6.005578947368421
42.25,42.25,7,5.739932088285229
42.25,42.25,8,5.69314091680815
42.25,42.25,9,4.4018070175438595
42.25,42.25,10,3.0300848896434633
42.25,42.25,11,1.9979824561403505
42.25,42.25,12,1.4999660441426148
42.25,42.5,1,1.6168590831918506
42.25,42.5,2,2.3702067669172933
42.25,42.5,3,3.1684550084889644
42.25,42.5,4,4.446684210526316
42.25,42.5,5,5.32760611205433
42.25,42.5,6,6.014473684210526
42.25,42.5,7,5.812512733446519
42.25,42.5,8,5.722903225806451
42.25,42.5,9,4.4537894736842105
42.25,42.5,10,3.0801867572156194
42.25,42.5,11,2.0263859649122806
42.25,42.5,12,1.533616298811545
42.25,42.75,1,1.6712563667232598
42.25,42.75,2,2.421992481203007
42.25,42.75,3,3.1680814940577253
42.25,42.75,4,4.449087719298245
42.25,42.75,5,5.297538200339559
42.25,42.75,6,5.9953508771929815
42.25,42.75,7,5.853548387096774
42.25,42.75,8,5.812105263157894
42.25,42.75,9,4.578280701754386
42.25,42.75,10,3.1995755517826825
42.25,42.75,11,2.1232105263157894
42.25,42.75,12,1.6129202037351442
42.25,43.0,1,1.6763157894736842
42.25,43.0,2,2.4365601503759398
42.25,43.0,3,3.194923599320883
42.25,43.0,4,4.471877192982456
42.25,43.0,5,5.313718166383701
42.25,43.0,6,6.060105263157895
42.25,43.0,7,5.952478777589135
42.25,43.0,8,5.931307300509338
42.25,43.0,9,4.6741403508771935
42.25,43.0,10,3.247911714770798
42.25,43.0,11,2.1407368421052633
42.25,43.0,12,1.6171646859083193
42.25,43.25,1,1.8908828522920205
42.25,43.25,2,2.8087218045112783
42.25,43.25,3,3.3349066213921903
42.25,43.25,4,4.497122807017544
42.25,43.25,5,5.269694397283531
42.25,43.25,6,5.9206666666666665
42.25,43.25,7,5.87774193548387
42.25,43.25,8,5.999422750424448
42.25,43.25,9,4.827719298245614
42.25,43.25,10,3.4528013582342956
42.25,43.25,11,2.351087719298246
42.25,43.25,12,1.7635993208828524
42.25,43.5,1,2.0193548387096776
42.25,43.5,2,2.907857142857143
42.25,43.5,3,3.4669439728353137
42.25,43.5,4,4.475140350877193
42.25,43.5,5,5.226078098471986
42.25,43.5,6,5.915350877192982
42.25,43.5,7,5.903531409168083
42.25,43.5,8,6.0559252971137525
42.25,43.5,9,4.8207543859649125
42.25,43.5,10,3.442207130730051
42.25,43.5,11,2.3450877192982458
42.25,43.5,12,1.841460101867572
42.25,43.75,1,1.9491511035653648
42.25,43.75,2,2.8338909774436094
42.25,43.75,3,3.61634974533107
42.25,43.75,4,4.755052631578947
42.25,43.75,5,5.675568760611205
42.25,43.75,6,6.531105263157895
42.25,43.75,7,6.602342954159592
42.25,43.75,8,6.293429541595925
42.25,43.75,9,4.927789473684211
42.25,43.75,10,3.430458404074703
42.25,43.75,11,2.290368421052632
42.25,43.75,12,1.7423599320882852
42.25,44.0,1,2.9597453310696094
42.25,44.0,2,3.8744736842105256
42.25,44.0,3,4.441018675721562
42.25,44.0,4,5.112912280701754
42.25,44.0,5,5.499711375212224
42.25,44.0,6,5.990631578947369
42.25,44.0,7,6.190594227504245
42.25,44.0,8,6.442224108658744
42.25,44.0,9,5.759228070175439
42.25,44.0,10,4.61616298811545
42.25,44.0,11,3.6288421052631583
42.25,44.0,12,2.885993208828523
42.25,44.25,1,2.3065534804753822
42.25,44.25,2,3.2804135338345866
42.25,44.25,3,3.709881154499151
42.25,44.25,4,4.575561403508773
42.25,44.25,5,5.339575551782683
42.25,44.25,6,6.119491228070175
42.25,44.25,7,6.321578947368421
42.25,44.25,8,6.317928692699491
42.25,44.25,9,5.043333333333333
42.25,44.25,10,3.6385229202037355
42.25,44.25,11,2.599877192982456
42.25,44.25,12,2.0865874363327674
42.25,44.5,1,1.928641765704584
42.25,44.5,2,3.059812030075188
42.25,44.5,3,3.7441086587436327
42.25,44.5,4,4.570491228070176
42.25,44.5,5,5.410237691001698
42.25,44.5,6,6.173842105263159
42.25,44.5,7,6.358217317487266
42.25,44.5,8,6.102971137521223
42.25,44.5,9,4.798473684210526
42.25,44.5,10,3.351205432937182
42.25,44.5,11,2.296421052631579
42.25,44.5,12,1.6374363327674024
42.25,44.75,1,2.949303904923599
42.25,44.75,2,3.7688345864661654
42.25,44.75,3,3.9468930390492356
42.25,44.75,4,4.465771929824561
42.25,44.75,5,5.160322580645161
42.25,44.75,6,5.871280701754386
42.25,44.75,7,6.032563667232598
42.25,44.75,8,6.103684210526317
42.25,44.75,9,5.02959649122807
42.25,44.75,10,3.9539728353140915
42.25,44.75,11,3.134035087719298
42.25,44.75,12,2.8561120543293717
42.25,45.0,1,2.776502546689304
42.25,45.0,2,3.434078947368421
42.25,45.0,3,3.7751952461799663
42.25,45.0,4,4.284754385964913
42.25,45.0,5,4.913429541595925
42.25,45.0,6,5.741701754385965
42.25,45.0,7,5.880152801358234
42.25,45.0,8,5.8408658743633275
42.25,45.0,9,4.567157894736842
42.25,45.0,10,3.399949066213922
42.25,45.0,11,2.629421052631579
42.25,45.0,12,2.650237691001698
42.25,45.25,1,2.375042444821732
42.25,45.25,2,3.2412593984962403
42.25,45.25,3,3.6649745331069608
42.25,45.25,4,4.40778947368421
42.25,45.25,5,5.44974533106961
42.25,45.25,6,6.2545438596491225
42.25,45.25,7,6.358726655348048
42.25,45.25,8,6.196943972835315
42.25,45.25,9,4.840210526315789
42.25,45.25,10,3.387402376910017
42.25,45.25,11,2.5420877192982454
42.25,45.25,12,2.0518845500848895
42.25,45.5,1,2.8767572156196946
42.25,45.5,2,3.69984962406015
42.25,45.5,3,4.5620373514431245
42.25,45.5,4,4.83959649122807
42.25,45.5,5,4.72679117147708
42.25,45.5,6,5.139614035087719
42.25,45.5,7,5.068607809847198
42.25,45.5,8,5.423752122241087
42.25,45.5,9,4.185280701754386
42.25,45.5,10,3.183480475382003
42.25,45.5,11,2.6493157894736843
42.25,45.5,12,2.596485568760611
42.5,41.75,1,1.5734634974533106
42.5,41.75,2,2.3173496240601503
42.5,41.75,3,3.0755857385398984
42.5,41.75,4,4.33059649122807
42.5,41.75,5,5.314974533106961
42.5,41.75,6,5.916526315789474
42.5,41.75,7,5.57949066213922
42.5,41.75,8,5.601239388794567
42.5,41.75,9,4.3909473684210525
42.5,41.75,10,3.06276740237691
42.5,41.75,11,2.0067719298245614
42.5,41.75,12,1.5189473684210526
42.5,42.0,1,1.9047877758913414
42.5,42.0,2,2.676672932330827
42.5,42.0,3,3.3384210526315785
42.5,42.0,4,4.535421052631579
42.5,42.0,5,5.375195246179966
42.5,42.0,6,5.907333333333333
42.5,42.0,7,5.569422750424448
42.5,42.0,8,5.840611205432937
42.5,42.0,9,4.80719298245614
42.5,42.0,10,3.5594736842105266
42.5,42.0,11,2.462105263157895
42.5,42.0,12,1.916943972835314
42.5,42.25,1,1.8514431239388793
42.5,42.25,2,2.61046992481203
42.5,42.25,3,3.2419354838709675
42.5,42.25,4,4.421578947368421
42.5,42.25,5,5.288760611205432
42.5,42.25,6,5.785228070175438
42.5,42.25,7,5.421952461799661
42.5,42.25,8,5.742156196943973
42.5,42.25,9,4.713789473684211
42.5,42.25,10,3.465772495755518
42.5,42.25,11,2.3994736842105264
42.5,42.25,12,1.848234295415959
42.5,42.5,1,1.7614940577249576
42.5,42.5,2,2.568947368421053
42.5,42.5,3,3.175704584040747
42.5,42.5,4,4.445877192982456
42.5,42.5,5,5.316994906621392
42.5,42.5,6,5.91778947368421
42.5,42.5,7,5.619337860780984
42.5,42.5,8,5.806876061120543
42.5,42.5,9,4.657438596491228
42.5,42.5,10,3.303310696095077
42.5,42.5,11,2.2045964912280698
42.5,42.5,12,1.7164176570458405
42.5,42.75,1,1.8913921901528012
42.5,42.75,2,2.7378007518796994
42.5,42.75,3,3.2862648556876057
42.5,42.75,4,4.52459649122807
42.5,42.75,5,5.298319185059423
42.5,42.75,6,5.869368421052632
42.5,42.75,7,5.628251273344652
42.5,42.75,8,5.95
42.5,42.75,9,4.855105263157895
42.5,42.75,10,3.5518845500848895
42.5,42.75,11,2.4499649122807017
42.5,42.75,12,1.8263497453310698
42.5,43.0,1,1.9299490662139218
42.5,43.0,2,2.83046992481203
42.5,43.0,3,3.280560271646859
42.5,43.0,4,4.410859649122807
42.5,43.0,5,5.1289134125636675
42.5,43.0,6,5.85159649122807
42.5,43.0,7,5.79188455008489
42.5,43.0,8,5.895755517826824
42.5,43.0,9,4.593807017543861
42.5,43.0,10,3.3430050933786077
42.5,43.0,11,2.2532631578947364
42.5,43.0,12,1.8206621392190154
42.5,43.25,1,2.2372665534804757
42.5,43.25,2,3.1900939849624064
42.5,43.25,3,3.5926146010186764
42.5,43.25,4,4.482473684210527
42.5,43.25,5,4.917402376910017
42.5,43.25,6,5.464245614035088
42.5,43.25,7,5.442801358234296
42.5,43.25,8,5.865246179966045
42.5,43.25,9,4.697421052631579
42.5,43.25,10,3.64811544991511
42.5,43.25,11,2.5623684210526316
42.5,43.25,12,2.147589134125637
42.5,43.5,1,2.4958064516129035
42.5,43.5,2,3.4666917293233084
42.5,43.5,3,3.7888455008488964
42.5,43.5,4,4.5879473684210526
42.5,43.5,5,4.740899830220713
42.5,43.5,6,5.182543859649123
42.5,43.5,7,5.2400169779286925
42.5,43.5,8,5.774991511035654
42.5,43.5,9,4.651491228070175
42.5,43.5,10,3.6834804753820034
42.5,43.5,11,2.6047543859649123
42.5,43.5,12,2.2448726655348046
42.5,43.75,1,2.7642444821731744
42.5,43.75,2,3.9044360902255635
42.5,43.75,3,4.296604414261459
42.5,43.75,4,4.8236140350877195
42.5,43.75,5,5.019643463497453
42.5,43.75,6,5.549947368421052
42.5,43.75,7,5.748913412563668
42.5,43.75,8,6.048811544991511
42.5,43.75,9,4.771333333333333
42.5,43.75,10,3.740152801358234
42.5,43.75,11,2.716333333333333
42.5,43.75,12,2.4283361629881153
42.5,44.0,1,2.5602037351443125
42.5,44.0,2,3.5812593984962406
42.5,44.0,3,4.269354838709678
42.5,44.0,4,5.08259649122807
42.5,44.0,5,5.1215789473684215
42.5,44.0,6,5.565912280701754
42.5,44.0,7,5.738098471986417
42.5,44.0,8,5.929235993208829
42.5,44.0,9,4.70719298245614
42.5,44.0,10,3.4714940577249576
42.5,44.0,11,2.5985614035087723
42.5,44.0,12,2.3792529711375208
42.5,44.25,1,2.1651103565365024
42.5,44.25,2,3.35546992481203
42.5,44.25,3,4.700967741935483
42.5,44.25,4,5.447614035087719
42.5,44.25,5,4.978641765704585
42.5,44.25,6,4.887385964912281
42.5,44.25,7,5.0634125636672325
42.5,44.25,8,5.408522920203734
42.5,44.25,9,4.465684210526316
42.5,44.25,10,3.3885908319185063
42.5,44.25,11,2.4553508771929824
42.5,44.25,12,1.4693548387096773
42.5,44.5,1,2.6828692699490664
42.5,44.5,2,3.6835526315789475
42.5,44.5,3,4.41490662139219
42.5,44.5,4,4.861701754385964
42.5,44.5,5,4.877623089983022
42.5,44.5,6,5.371070175438596
42.5,44.5,7,5.610509337860781
42.5,44.5,8,5.673582342954159
42.5,44.5,9,4.545473684210526
42.5,44.5,10,3.5001358234295417
42.5,44.5,11,2.819017543859649
42.5,44.5,12,2.414193548387097
42.5,44.75,1,2.486943972835314
42.5,44.75,2,3.201973684210526
42.5,44.75,3,4.056264855687606
42.5,44.75,4,4.715157894736842
42.5,44.75,5,4.901052631578947
42.5,44.75,6,5.6009473684210525
42.5,44.75,7,5.785365025466893
42.5,44.75,8,5.721578947368421
42.5,44.75,9,4.408456140350878
42.5,44.75,10,3.3263157894736843
42.5,44.75,11,2.4694912280701757
42.5,44.75,12,2.1748896434634974
42.5,45.0,1,0.8521392190152801
42.5,45.0,2,3.05468045112782
42.5,45.0,3,4.349558573853989
42.5,45.0,4,4.941561403508772
42.5,45.0,5,4.903463497453311
42.5,45.0,6,5.487438596491229
42.5,45.0,7,5.691850594227504
42.5,45.0,8,5.875857385398981
42.5,45.0,9,4.6491228070175445
42.5,45.0,10,3.4300679117147705
42.5,45.0,11,1.5474210526315788
42.5,45.0,12,0.6560780984719864
42.5,45.25,1,1.3011035653650256
42.5,45.25,2,2.228984962406015
42.5,45.25,3,3.7771307300509336
42.5,45.25,4,4.837508771929825
42.5,45.25,5,5.031052631578947
42.5,45.25,6,5.155192982456141
42.5,45.25,7,5.193718166383701
42.5,45.25,8,5.41893039049236
42.5,45.25,9,3.9277543859649118
42.5,45.25,10,2.802750424448217
42.5,45.25,11,1.8322280701754385
42.5,45.25,12,1.125874363327674
42.5,45.5,1,2.569456706281834
42.5,45.5,2,3.428345864661654
42.5,45.5,3,4.903633276740238
42.5,45.5,4,5.239859649122806
42.5,45.5,5,4.951052631578948
42.5,45.5,6,5.358666666666666
42.5,45.5,7,5.70081494057725
42.5,45.5,8,6.081969439728353
42.5,45.5,9,5.138491228070176
42.5,45.5,10,3.9679966044142616
42.5,45.5,11,3.2888070175438595
42.5,45.5,12,2.670033955857386
42.75,41.5,1,1.6552801358234297
42.75,41.5,2,2.3960338345864662
42.75,41.5,3,3.1097113752122243
42.75,41.5,4,4.339228070175439
42.75,41.5,5,5.364855687606112
42.75,41.5,6,6.156298245614035
42.75,41.5,7,5.9799151103565364
42.75,41.5,8,5.824159592529711
42.75,41.5,9,4.572947368421053
42.75,41.5,10,3.201426146010187
42.75,41.5,11,2.0883508771929824
42.75,41.5,12,1.5893378607809847
42.75,41.75,1,1.633327674023769
42.75,41.75,2,2.380582706766917
42.75,41.75,3,3.0242105263157892
42.75,41.75,4,4.242087719298246
42.75,41.75,5,5.16251273344652
42.75,41.75,6,5.681947368421053
42.75,41.75,7,5.36446519524618
42.75,41.75,8,5.461358234295415
42.75,41.75,9,4.408385964912282
42.75,41.75,10,3.1401528013582345
42.75,41.75,11,2.061315789473684
42.75,41.75,12,1.5693548387096774
42.75,42.0,1,1.9378268251273345
42.75,42.0,2,2.858533834586466
42.75,42.0,3,3.21786078098472
42.75,42.0,4,4.3230350877192985
42.75,42.0,5,5.0186926994906615
42.75,42.0,6,5.38080701754386
42.75,42.0,7,5.000814940577249
42.75,42.0,8,5.362512733446519
42.75,42.0,9,4.5303859649122815
42.75,42.0,10,3.447453310696095
42.75,42.0,11,2.436631578947369
42.75,42.0,12,1.8671137521222412
42.75,42.25,1,2.3666893039049235
42.75,42.25,2,3.4084774436090224
42.75,42.25,3,3.552241086587436
42.75,42.25,4,4.585333333333334
42.75,42.25,5,5.012597623089984
42.75,42.25,6,5.217421052631579
42.75,42.25,7,4.930984719864176
42.75,42.25,8,5.533056027164687
42.75,42.25,9,4.825947368421053
42.75,42.25,10,3.848692699490662
42.75,42.25,11,2.8183157894736843
42.75,42.25,12,2.2920033955857386
42.75,42.5,1,2.2804244482173175
42.75,42.5,2,3.447199248120301
42.75,42.5,3,4.007555178268251
42.75,42.5,4,5.237035087719298
42.75,42.5,5,5.281392190152801
42.75,42.5,6,5.4189298245614035
42.75,42.5,7,5.377572156196944
42.75,42.5,8,5.601103565365026
42.75,42.5,9,4.482228070175438
42.75,42.5,10,3.3202546689303905
42.75,42.5,11,2.319666666666667
42.75,42.5,12,2.1338539898132427
42.75,42.75,1,0.7696434634974533
42.75,42.75,2,1.8403383458646616
42.75,42.75,3,3.0347198641765702
42.75,42.75,4,4.356754385964913
42.75,42.75,5,4.983123938879457
42.75,42.75,6,5.547701754385965
42.75,42.75,7,5.516977928692699
42.75,42.75,8,5.753225806451613
42.75,42.75,9,4.025912280701754
42.75,42.75,10,2.6915449915110354
42.75,42.75,11,0.9595964912280702
42.75,42.75,12,0.6682342954159592
42.75,43.0,1,2.440848896434635
42.75,43.0,2,3.623872180451128
42.75,43.0,3,4.3193718166383706
42.75,43.0,4,5.335298245614036
42.75,43.0,5,5.12446519524618
42.75,43.0,6,5.0730350877192985
42.75,43.0,7,5.086366723259762
42.75,43.0,8,5.481290322580644
42.75,43.0,9,4.41621052631579
42.75,43.0,10,3.420509337860781
42.75,43.0,11,2.3209122807017546
42.75,43.0,12,2.0921052631578947
42.75,43.25,1,2.7727504244482177
42.75,43.25,2,3.685394736842105
42.75,43.25,3,3.932359932088285
42.75,43.25,4,4.854315789473684
42.75,43.25,5,4.888404074702886
42.75,43.25,6,5.448333333333334
42.75,43.25,7,5.553820033955857
42.75,43.25,8,5.991765704584041
42.75,43.25,9,4.769210526315789
42.75,43.25,10,3.771680814940577
42.75,43.25,11,2.7479649122807017
42.75,43.25,12,2.4782173174872666
42.75,43.5,1,2.4840747028862475
42.75,43.5,2,3.629642857142857
42.75,43.5,3,4.178675721561969
42.75,43.5,4,4.923719298245614
42.75,43.5,5,4.74453310696095
42.75,43.5,6,5.1672631578947374
42.75,43.5,7,5.321986417657047
42.75,43.5,8,5.629066213921901
42.75,43.5,9,4.531789473684211
42.75,43.5,10,3.4909337860780982
42.75,43.5,11,2.5136315789473684
42.75,43.5,12,2.188692699490662
42.75,43.75,1,1.9821392190152802
42.75,43.75,2,2.828721804511278
42.75,43.75,3,4.190509337860782
42.75,43.75,4,5.593228070175439
42.75,43.75,5,5.730492359932089
42.75,43.75,6,5.595315789473684
42.75,43.75,7,5.7509337860780985
42.75,43.75,8,5.778896434634975
42.75,43.75,9,4.553912280701755
42.75,43.75,10,3.1439558573853987
42.75,43.75,11,2.0597719298245614
42.75,43.75,12,1.7737181663837012
43.0,41.0,1,1.5460780984719864
43.0,41.0,2,2.289041353383459
43.0,41.0,3,3.1003904923599324
43.0,41.0,4,4.391982456140351
43.0,41.0,5,5.548556876061121
43.0,41.0,6,6.473508771929825
43.0,41.0,7,6.382869269949065
43.0,41.0,8,6.0233276740237685
43.0,41.0,9,4.550719298245614
43.0,41.0,10,3.1248047538200336
43.0,41.0,11,1.9954912280701755
43.0,41.0,12,1.4732088285229203
43.0,41.25,1,1.8780645161290324
43.0,41.25,2,2.711691729323308
43.0,41.25,3,3.3003225806451613
43.0,41.25,4,4.430964912280702
43.0,41.25,5,5.3422580645161295
43.0,41.25,6,6.052385964912281
43.0,41.25,7,5.8504753820033955
43.0,41.25,8,6.064906621392191
43.0,41.25,9,4.965754385964912
43.0,41.25,10,3.701290322580645
43.0,41.25,11,2.525087719298246
43.0,41.25,12,1.914838709677419
43.0,41.5,1,1.7469949066213923
43.0,41.5,2,2.731936090225564
43.0,41.5,3,3.192699490662139
43.0,41.5,4,4.254631578947368
43.0,41.5,5,4.872020373514431
43.0,41.5,6,5.0940350877192975
43.0,41.5,7,4.805144312393888
43.0,41.5,8,5.357130730050933
43.0,41.5,9,4.646421052631579
43.0,41.5,10,3.5661290322580643
43.0,41.5,11,2.39140350877193
43.0,41.5,12,1.5649405772495755
43.0,41.75,1,0.8048726655348047
43.0,41.75,2,1.7434398496240602
43.0,41.75,3,3.0738200339558572
43.0,41.75,4,4.73678947368421
43.0,41.75,5,5.329881154499152
43.0,41.75,6,5.179421052631579
43.0,41.75,7,4.8376061120543286
43.0,41.75,8,4.731833616298812
43.0,41.75,9,3.397947368421052
43.0,41.75,10,2.1493039049235994
43.0,41.75,11,1.0365087719298245
43.0,41.75,12,0.6765874363327674
43.0,42.0,1,2.1314261460101864
43.0,42.0,2,3.2863533834586462
43.0,42.0,3,3.7093718166383702
43.0,42.0,4,4.777964912280702
43.0,42.0,5,5.040152801358234
43.0,42.0,6,5.45621052631579
43.0,42.0,7,5.546689303904923
43.0,42.0,8,5.679354838709678
43.0,42.0,9,4.459964912280701
43.0,42.0,10,3.3302716468590834
43.0,42.0,11,2.255175438596491
43.0,42.0,12,1.7522920203735144
43.0,42.25,1,2.6289813242784383
43.0,42.25,2,3.71406015037594
43.0,42.25,3,4.31339558573854
43.0,42.25,4,5.310122807017544
43.0,42.25,5,5.282852292020373
43.0,42.25,6,5.482894736842105
43.0,42.25,7,5.834702886247877
43.0,42.25,8,5.9203735144312395
43.0,42.25,9,4.879771929824561
43.0,42.25,10,3.748081494057725
43.0,42.25,11,2.706754385964912
43.0,42.25,12,2.3259083191850594
43.0,42.5,1,0.5432258064516129
43.0,42.5,2,1.0035526315789474
43.0,42.5,3,3.152665534804754
43.0,42.5,4,4.889087719298246
43.0,42.5,5,5.290662139219015
43.0,42.5,6,5.045894736842104
43.0,42.5,7,4.996485568760611
43.0,42.5,8,4.914431239388795
43.0,42.5,9,3.4678596491228073
43.0,42.5,10,1.9606281833616297
43.0,42.5,11,0.6554561403508772
43.0,42.5,12,0.4565025466893039
43.0,42.75,1,1.4231239388794568
43.0,42.75,2,2.359492481203007
43.0,42.75,3,3.766893039049236
43.0,42.75,4,5.207052631578947
43.0,42.75,5,5.243123938879457
43.0,42.75,6,5.134210526315789
43.0,42.75,7,5.382750424448217
43.0,42.75,8,5.42106960950764
43.0,42.75,9,4.009122807017544
43.0,42.75,10,2.717979626485569
43.0,42.75,11,1.8039122807017545
43.0,42.75,12,1.1460271646859084
43.0,43.0,1,2.0529881154499154
43.0,43.0,2,3.037593984962406
43.0,43.0,3,4.339219015280135
43.0,43.0,4,5.81819298245614
43.0,43.0,5,5.6598641765704585
43.0,43.0,6,5.6342456140350885
43.0,43.0,7,5.912920203735145
43.0,43.0,8,5.963327674023769
43.0,43.0,9,4.597526315789474
43.0,43.0,10,3.4653310696095074
43.0,43.0,11,2.1666315789473685
43.0,43.0,12,1.8040747028862476
43.25,40.5,1,1.8823429541595926
43.25,40.5,2,2.626842105263158
43.25,40.5,3,3.2679286926994906
43.25,40.5,4,4.495578947368421
43.25,40.5,5,5.553276740237691
43.25,40.5,6,6.326684210526316
43.25,40.5,7,6.283157894736841
43.25,40.5,8,6.316638370118846
43.25,40.5,9,4.949947368421052
43.25,40.5,10,3.6769100169779283
43.25,40.5,11,2.513894736842105
43.25,40.5,12,1.9049066213921904
43.25,40.75,1,2.2444991511035655
43.25,40.75,2,2.98234962406015
43.25,40.75,3,3.2063497453310696
43.25,40.75,4,4.134631578947369
43.25,40.75,5,4.764414261460102
43.25,40.75,6,5.119561403508772
43.25,40.75,7,5.090305602716469
43.25,40.75,8,5.594142614601019
43.25,40.75,9,4.697877192982457
43.25,40.75,10,3.953463497453311
43.25,40.75,11,3.0191929824561403
43.25,40.75,12,2.411001697792869
43.25,41.0,1,1.8561799660441427
43.25,41.0,2,2.6960902255639096
43.25,41.0,3,3.2104244482173177
43.25,41.0,4,4.3258947368421055
43.25,41.0,5,5.071273344651953
43.25,41.0,6,5.623912280701755
43.25,41.0,7,5.671714770797962
43.25,41.0,8,5.995382003395585
43.25,41.0,9,4.770561403508771
43.25,41.0,10,3.6324957555178266
43.25,41.0,11,2.640298245614035
43.25,41.0,12,2.077453310696095
43.25,41.25,1,0.7457215619694397
43.25,41.25,2,1.6419736842105264
43.25,41.25,3,3.590152801358234
43.25,41.25,4,4.769
43.25,41.25,5,4.992665534804754
43.25,41.25,6,5.287824561403509
43.25,41.25,7,5.2687775891341255
43.25,41.25,8,5.53213921901528
43.25,41.25,9,4.2824210526315785
43.25,41.25,10,2.4659592529711376
43.25,41.25,11,0.7758947368421052
43.25,41.25,12,0.6720373514431239
43.25,41.5,1,2.229915110356537
43.25,41.5,2,3.2453007518796992
43.25,41.5,3,4.041544991511035
43.25,41.5,4,5.12921052631579
43.25,41.5,5,5.3493378607809845
43.25,41.5,6,5.439649122807017
43.25,41.5,7,5.605178268251273
43.25,41.5,8,5.793344651952461
43.25,41.5,9,4.5730350877192985
43.25,41.5,10,3.471986417657046
43.25,41.5,11,2.401473684210526
43.25,41.5,12,2.0080475382003398
43.5,40.25,1,1.4080645161290322
43.5,40.25,2,2.6826691729323313
43.5,40.25,3,3.646926994906621
43.5,40.25,4,4.905052631578948
43.5,40.25,5,5.177198641765704
43.5,40.25,6,5.206473684210526
43.5,40.25,7,5.154295415959253
43.5,40.25,8,5.35653650254669
43.5,40.25,9,4.196877192982456
43.5,40.25,10,3.1317147707979625
43.5,40.25,11,1.9336315789473686
43.5,40.25,12,0.8528522920203735
43.5,40.5,1,2.10955857385399
43.5,40.5,2,2.7806203007518797
43.5,40.5,3,3.4307130730050934
43.5,40.5,4,4.674105263157895
43.5,40.5,5,5.197130730050934
43.5,40.5,6,5.964228070175439
43.5,40.5,7,6.191697792869269
43.5,40.5,8,6.2469439728353136
43.5,40.5,9,4.843280701754386
43.5,40.5,10,3.6646519524617998
43.5,40.5,11,2.621614035087719
43.5,40.5,12,2.0082003395585737
