,latitude,longitude,month,irradiance
0,41.25,43.25,01,2.04
1,41.25,43.25,02,3.13
2,41.25,43.25,03,3.65
3,41.25,43.25,04,4.88
4,41.25,43.25,05,5.42
5,41.25,43.25,06,6.28
6,41.25,43.25,07,6.37
7,41.25,43.25,08,6.07
8,41.25,43.25,09,4.63
9,41.25,43.25,10,3.21
10,41.25,43.25,11,2.19
11,41.25,43.25,12,1.69
12,41.25,43.25,13,4.13
13,41.25,43.5,01,2.04
14,41.25,43.5,02,3.13
15,41.25,43.5,03,3.65
16,41.25,43.5,04,4.88
17,41.25,43.5,05,5.42
18,41.25,43.5,06,6.28
19,41.25,43.5,07,6.37
20,41.25,43.5,08,6.07
21,41.25,43.5,09,4.63
22,41.25,43.5,10,3.21
23,41.25,43.5,11,2.19
24,41.25,43.5,12,1.69
25,41.25,43.5,13,4.13
26,41.25,43.75,01,2.04
27,41.25,43.75,02,3.13
28,41.25,43.75,03,3.65
29,41.25,43.75,04,4.88
30,41.25,43.75,05,5.42
31,41.25,43.75,06,6.28
32,41.25,43.75,07,6.37
33,41.25,43.75,08,6.07
34,41.25,43.75,09,4.63
35,41.25,43.75,10,3.21
36,41.25,43.75,11,2.19
37,41.25,43.75,12,1.69
38,41.25,43.75,13,4.13
39,41.25,44.0,01,1.88
40,41.25,44.0,02,2.66
41,41.25,44.0,03,3.39
42,41.25,44.0,04,4.6
43,41.25,44.0,05,5.35
44,41.25,44.0,06,6.2
45,41.25,44.0,07,6.07
46,41.25,44.0,08,5.68
47,41.25,44.0,09,4.2
48,41.25,44.0,10,3.03
49,41.25,44.0,11,2.16
50,41.25,44.0,12,1.62
51,41.25,44.0,13,3.91
52,41.25,44.25,01,1.88
53,41.25,44.25,02,2.66
54,41.25,44.25,03,3.39
55,41.25,44.25,04,4.6
56,41.25,44.25,05,5.35
57,41.25,44.25,06,6.2
58,41.25,44.25,07,6.07
59,41.25,44.25,08,5.68
60,41.25,44.25,09,4.2
61,41.25,44.25,10,3.03
62,41.25,44.25,11,2.16
63,41.25,44.25,12,1.62
64,41.25,44.25,13,3.91
65,41.25,44.5,01,1.88
66,41.25,44.5,02,2.66
67,41.25,44.5,03,3.39
68,41.25,44.5,04,4.6
69,41.25,44.5,05,5.35
70,41.25,44.5,06,6.2
71,41.25,44.5,07,6.07
72,41.25,44.5,08,5.68
73,41.25,44.5,09,4.2
74,41.25,44.5,10,3.03
75,41.25,44.5,11,2.16
76,41.25,44.5,12,1.62
77,41.25,44.5,13,3.91
78,41.25,44.75,01,1.88
79,41.25,44.75,02,2.66
80,41.25,44.75,03,3.39
81,41.25,44.75,04,4.6
82,41.25,44.75,05,5.35
83,41.25,44.75,06,6.2
84,41.25,44.75,07,6.07
85,41.25,44.75,08,5.68
86,41.25,44.75,09,4.2
87,41.25,44.75,10,3.03
88,41.25,44.75,11,2.16
89,41.25,44.75,12,1.62
90,41.25,44.75,13,3.91
91,41.25,45.75,01,1.92
92,41.25,45.75,02,2.61
93,41.25,45.75,03,3.49
94,41.25,45.75,04,4.84
95,41.25,45.75,05,5.7
96,41.25,45.75,06,6.55
97,41.25,45.75,07,6.35
98,41.25,45.75,08,5.88
99,41.25,45.75,09,4.34
100,41.25,45.75,10,3.05
101,41.25,45.75,11,2.15
102,41.25,45.75,12,1.65
103,41.25,45.75,13,4.05
104,41.25,46.0,01,1.82
105,41.25,46.0,02,2.47
106,41.25,46.0,03,3.36
107,41.25,46.0,04,4.65
108,41.25,46.0,05,5.57
109,41.25,46.0,06,6.61
110,41.25,46.0,07,6.29
111,41.25,46.0,08,5.88
112,41.25,46.0,09,4.38
113,41.25,46.0,10,2.98
114,41.25,46.0,11,2.1
115,41.25,46.0,12,1.57
116,41.25,46.0,13,3.98
117,41.25,46.25,01,1.82
118,41.25,46.25,02,2.47
119,41.25,46.25,03,3.36
120,41.25,46.25,04,4.65
121,41.25,46.25,05,5.57
122,41.25,46.25,06,6.61
123,41.25,46.25,07,6.29
124,41.25,46.25,08,5.88
125,41.25,46.25,09,4.38
126,41.25,46.25,10,2.98
127,41.25,46.25,11,2.1
128,41.25,46.25,12,1.57
129,41.25,46.25,13,3.98
130,41.25,46.5,01,1.82
131,41.25,46.5,02,2.47
132,41.25,46.5,03,3.36
133,41.25,46.5,04,4.65
134,41.25,46.5,05,5.57
135,41.25,46.5,06,6.61
136,41.25,46.5,07,6.29
137,41.25,46.5,08,5.88
138,41.25,46.5,09,4.38
139,41.25,46.5,10,2.98
140,41.25,46.5,11,2.1
141,41.25,46.5,12,1.57
142,41.25,46.5,13,3.98
143,41.5,41.75,01,1.64
144,41.5,41.75,02,2.35
145,41.5,41.75,03,3.28
146,41.5,41.75,04,4.67
147,41.5,41.75,05,5.44
148,41.5,41.75,06,5.87
149,41.5,41.75,07,5.45
150,41.5,41.75,08,5.16
151,41.5,41.75,09,4.18
152,41.5,41.75,10,2.94
153,41.5,41.75,11,2.05
154,41.5,41.75,12,1.45
155,41.5,41.75,13,3.71
156,41.5,42.0,01,1.95
157,41.5,42.0,02,2.92
158,41.5,42.0,03,3.73
159,41.5,42.0,04,4.87
160,41.5,42.0,05,5.35
161,41.5,42.0,06,6.04
162,41.5,42.0,07,5.92
163,41.5,42.0,08,5.74
164,41.5,42.0,09,4.52
165,41.5,42.0,10,3.14
166,41.5,42.0,11,2.16
167,41.5,42.0,12,1.68
168,41.5,42.0,13,4.01
169,41.5,42.25,01,1.95
170,41.5,42.25,02,2.92
171,41.5,42.25,03,3.73
172,41.5,42.25,04,4.87
173,41.5,42.25,05,5.35
174,41.5,42.25,06,6.04
175,41.5,42.25,07,5.92
176,41.5,42.25,08,5.74
177,41.5,42.25,09,4.52
178,41.5,42.25,10,3.14
179,41.5,42.25,11,2.16
180,41.5,42.25,12,1.68
181,41.5,42.25,13,4.01
182,41.5,42.5,01,1.95
183,41.5,42.5,02,2.92
184,41.5,42.5,03,3.73
185,41.5,42.5,04,4.87
186,41.5,42.5,05,5.35
187,41.5,42.5,06,6.04
188,41.5,42.5,07,5.92
189,41.5,42.5,08,5.74
190,41.5,42.5,09,4.52
191,41.5,42.5,10,3.14
192,41.5,42.5,11,2.16
193,41.5,42.5,12,1.68
194,41.5,42.5,13,4.01
195,41.5,43.0,01,2.04
196,41.5,43.0,02,3.13
197,41.5,43.0,03,3.65
198,41.5,43.0,04,4.88
199,41.5,43.0,05,5.42
200,41.5,43.0,06,6.28
201,41.5,43.0,07,6.37
202,41.5,43.0,08,6.07
203,41.5,43.0,09,4.63
204,41.5,43.0,10,3.21
205,41.5,43.0,11,2.19
206,41.5,43.0,12,1.69
207,41.5,43.0,13,4.13
208,41.5,43.25,01,2.04
209,41.5,43.25,02,3.13
210,41.5,43.25,03,3.65
211,41.5,43.25,04,4.88
212,41.5,43.25,05,5.42
213,41.5,43.25,06,6.28
214,41.5,43.25,07,6.37
215,41.5,43.25,08,6.07
216,41.5,43.25,09,4.63
217,41.5,43.25,10,3.21
218,41.5,43.25,11,2.19
219,41.5,43.25,12,1.69
220,41.5,43.25,13,4.13
221,41.5,43.5,01,2.04
222,41.5,43.5,02,3.13
223,41.5,43.5,03,3.65
224,41.5,43.5,04,4.88
225,41.5,43.5,05,5.42
226,41.5,43.5,06,6.28
227,41.5,43.5,07,6.37
228,41.5,43.5,08,6.07
229,41.5,43.5,09,4.63
230,41.5,43.5,10,3.21
231,41.5,43.5,11,2.19
232,41.5,43.5,12,1.69
233,41.5,43.5,13,4.13
234,41.5,43.75,01,2.04
235,41.5,43.75,02,3.13
236,41.5,43.75,03,3.65
237,41.5,43.75,04,4.88
238,41.5,43.75,05,5.42
239,41.5,43.75,06,6.28
240,41.5,43.75,07,6.37
241,41.5,43.75,08,6.07
242,41.5,43.75,09,4.63
243,41.5,43.75,10,3.21
244,41.5,43.75,11,2.19
245,41.5,43.75,12,1.69
246,41.5,43.75,13,4.13
247,41.5,44.0,01,1.88
248,41.5,44.0,02,2.66
249,41.5,44.0,03,3.39
250,41.5,44.0,04,4.6
251,41.5,44.0,05,5.35
252,41.5,44.0,06,6.2
253,41.5,44.0,07,6.07
254,41.5,44.0,08,5.68
255,41.5,44.0,09,4.2
256,41.5,44.0,10,3.03
257,41.5,44.0,11,2.16
258,41.5,44.0,12,1.62
259,41.5,44.0,13,3.91
260,41.5,44.25,01,1.88
261,41.5,44.25,02,2.66
262,41.5,44.25,03,3.39
263,41.5,44.25,04,4.6
264,41.5,44.25,05,5.35
265,41.5,44.25,06,6.2
266,41.5,44.25,07,6.07
267,41.5,44.25,08,5.68
268,41.5,44.25,09,4.2
269,41.5,44.25,10,3.03
270,41.5,44.25,11,2.16
271,41.5,44.25,12,1.62
272,41.5,44.25,13,3.91
273,41.5,44.5,01,1.88
274,41.5,44.5,02,2.66
275,41.5,44.5,03,3.39
276,41.5,44.5,04,4.6
277,41.5,44.5,05,5.35
278,41.5,44.5,06,6.2
279,41.5,44.5,07,6.07
280,41.5,44.5,08,5.68
281,41.5,44.5,09,4.2
282,41.5,44.5,10,3.03
283,41.5,44.5,11,2.16
284,41.5,44.5,12,1.62
285,41.5,44.5,13,3.91
286,41.5,44.75,01,1.88
287,41.5,44.75,02,2.66
288,41.5,44.75,03,3.39
289,41.5,44.75,04,4.6
290,41.5,44.75,05,5.35
291,41.5,44.75,06,6.2
292,41.5,44.75,07,6.07
293,41.5,44.75,08,5.68
294,41.5,44.75,09,4.2
295,41.5,44.75,10,3.03
296,41.5,44.75,11,2.16
297,41.5,44.75,12,1.62
298,41.5,44.75,13,3.91
299,41.5,45.0,01,1.92
300,41.5,45.0,02,2.61
301,41.5,45.0,03,3.49
302,41.5,45.0,04,4.84
303,41.5,45.0,05,5.7
304,41.5,45.0,06,6.55
305,41.5,45.0,07,6.35
306,41.5,45.0,08,5.88
307,41.5,45.0,09,4.34
308,41.5,45.0,10,3.05
309,41.5,45.0,11,2.15
310,41.5,45.0,12,1.65
311,41.5,45.0,13,4.05
312,41.5,45.25,01,1.92
313,41.5,45.25,02,2.61
314,41.5,45.25,03,3.49
315,41.5,45.25,04,4.84
316,41.5,45.25,05,5.7
317,41.5,45.25,06,6.55
318,41.5,45.25,07,6.35
319,41.5,45.25,08,5.88
320,41.5,45.25,09,4.34
321,41.5,45.25,10,3.05
322,41.5,45.25,11,2.15
323,41.5,45.25,12,1.65
324,41.5,45.25,13,4.05
325,41.5,45.5,01,1.92
326,41.5,45.5,02,2.61
327,41.5,45.5,03,3.49
328,41.5,45.5,04,4.84
329,41.5,45.5,05,5.7
330,41.5,45.5,06,6.55
331,41.5,45.5,07,6.35
332,41.5,45.5,08,5.88
333,41.5,45.5,09,4.34
334,41.5,45.5,10,3.05
335,41.5,45.5,11,2.15
336,41.5,45.5,12,1.65
337,41.5,45.5,13,4.05
338,41.5,45.75,01,1.92
339,41.5,45.75,02,2.61
340,41.5,45.75,03,3.49
341,41.5,45.75,04,4.84
342,41.5,45.75,05,5.7
343,41.5,45.75,06,6.55
344,41.5,45.75,07,6.35
345,41.5,45.75,08,5.88
346,41.5,45.75,09,4.34
347,41.5,45.75,10,3.05
348,41.5,45.75,11,2.15
349,41.5,45.75,12,1.65
350,41.5,45.75,13,4.05
351,41.5,46.0,01,1.82
352,41.5,46.0,02,2.47
353,41.5,46.0,03,3.36
354,41.5,46.0,04,4.65
355,41.5,46.0,05,5.57
356,41.5,46.0,06,6.61
357,41.5,46.0,07,6.29
358,41.5,46.0,08,5.88
359,41.5,46.0,09,4.38
360,41.5,46.0,10,2.98
361,41.5,46.0,11,2.1
362,41.5,46.0,12,1.57
363,41.5,46.0,13,3.98
364,41.5,46.25,01,1.82
365,41.5,46.25,02,2.47
366,41.5,46.25,03,3.36
367,41.5,46.25,04,4.65
368,41.5,46.25,05,5.57
369,41.5,46.25,06,6.61
370,41.5,46.25,07,6.29
371,41.5,46.25,08,5.88
372,41.5,46.25,09,4.38
373,41.5,46.25,10,2.98
374,41.5,46.25,11,2.1
375,41.5,46.25,12,1.57
376,41.5,46.25,13,3.98
377,41.75,41.75,01,1.64
378,41.75,41.75,02,2.35
379,41.75,41.75,03,3.28
380,41.75,41.75,04,4.67
381,41.75,41.75,05,5.44
382,41.75,41.75,06,5.87
383,41.75,41.75,07,5.45
384,41.75,41.75,08,5.16
385,41.75,41.75,09,4.18
386,41.75,41.75,10,2.94
387,41.75,41.75,11,2.05
388,41.75,41.75,12,1.45
389,41.75,41.75,13,3.71
390,41.75,42.0,01,1.95
391,41.75,42.0,02,2.92
392,41.75,42.0,03,3.73
393,41.75,42.0,04,4.87
394,41.75,42.0,05,5.35
395,41.75,42.0,06,6.04
396,41.75,42.0,07,5.92
397,41.75,42.0,08,5.74
398,41.75,42.0,09,4.52
399,41.75,42.0,10,3.14
400,41.75,42.0,11,2.16
401,41.75,42.0,12,1.68
402,41.75,42.0,13,4.01
403,41.75,42.25,01,1.95
404,41.75,42.25,02,2.92
405,41.75,42.25,03,3.73
406,41.75,42.25,04,4.87
407,41.75,42.25,05,5.35
408,41.75,42.25,06,6.04
409,41.75,42.25,07,5.92
410,41.75,42.25,08,5.74
411,41.75,42.25,09,4.52
412,41.75,42.25,10,3.14
413,41.75,42.25,11,2.16
414,41.75,42.25,12,1.68
415,41.75,42.25,13,4.01
416,41.75,42.5,01,1.95
417,41.75,42.5,02,2.92
418,41.75,42.5,03,3.73
419,41.75,42.5,04,4.87
420,41.75,42.5,05,5.35
421,41.75,42.5,06,6.04
422,41.75,42.5,07,5.92
423,41.75,42.5,08,5.74
424,41.75,42.5,09,4.52
425,41.75,42.5,10,3.14
426,41.75,42.5,11,2.16
427,41.75,42.5,12,1.68
428,41.75,42.5,13,4.01
429,41.75,42.75,01,1.95
430,41.75,42.75,02,2.92
431,41.75,42.75,03,3.73
432,41.75,42.75,04,4.87
433,41.75,42.75,05,5.35
434,41.75,42.75,06,6.04
435,41.75,42.75,07,5.92
436,41.75,42.75,08,5.74
437,41.75,42.75,09,4.52
438,41.75,42.75,10,3.14
439,41.75,42.75,11,2.16
440,41.75,42.75,12,1.68
441,41.75,42.75,13,4.01
442,41.75,43.0,01,2.04
443,41.75,43.0,02,3.13
444,41.75,43.0,03,3.65
445,41.75,43.0,04,4.88
446,41.75,43.0,05,5.42
447,41.75,43.0,06,6.28
448,41.75,43.0,07,6.37
449,41.75,43.0,08,6.07
450,41.75,43.0,09,4.63
451,41.75,43.0,10,3.21
452,41.75,43.0,11,2.19
453,41.75,43.0,12,1.69
454,41.75,43.0,13,4.13
455,41.75,43.25,01,2.04
456,41.75,43.25,02,3.13
457,41.75,43.25,03,3.65
458,41.75,43.25,04,4.88
459,41.75,43.25,05,5.42
460,41.75,43.25,06,6.28
461,41.75,43.25,07,6.37
462,41.75,43.25,08,6.07
463,41.75,43.25,09,4.63
464,41.75,43.25,10,3.21
465,41.75,43.25,11,2.19
466,41.75,43.25,12,1.69
467,41.75,43.25,13,4.13
468,41.75,43.5,01,2.04
469,41.75,43.5,02,3.13
470,41.75,43.5,03,3.65
471,41.75,43.5,04,4.88
472,41.75,43.5,05,5.42
473,41.75,43.5,06,6.28
474,41.75,43.5,07,6.37
475,41.75,43.5,08,6.07
476,41.75,43.5,09,4.63
477,41.75,43.5,10,3.21
478,41.75,43.5,11,2.19
479,41.75,43.5,12,1.69
480,41.75,43.5,13,4.13
481,41.75,43.75,01,2.04
482,41.75,43.75,02,3.13
483,41.75,43.75,03,3.65
484,41.75,43.75,04,4.88
485,41.75,43.75,05,5.42
486,41.75,43.75,06,6.28
487,41.75,43.75,07,6.37
488,41.75,43.75,08,6.07
489,41.75,43.75,09,4.63
490,41.75,43.75,10,3.21
491,41.75,43.75,11,2.19
492,41.75,43.75,12,1.69
493,41.75,43.75,13,4.13
494,41.75,44.0,01,1.88
495,41.75,44.0,02,2.66
496,41.75,44.0,03,3.39
497,41.75,44.0,04,4.6
498,41.75,44.0,05,5.35
499,41.75,44.0,06,6.2
500,41.75,44.0,07,6.07
501,41.75,44.0,08,5.68
502,41.75,44.0,09,4.2
503,41.75,44.0,10,3.03
504,41.75,44.0,11,2.16
505,41.75,44.0,12,1.62
506,41.75,44.0,13,3.91
507,41.75,44.25,01,1.88
508,41.75,44.25,02,2.66
509,41.75,44.25,03,3.39
510,41.75,44.25,04,4.6
511,41.75,44.25,05,5.35
512,41.75,44.25,06,6.2
513,41.75,44.25,07,6.07
514,41.75,44.25,08,5.68
515,41.75,44.25,09,4.2
516,41.75,44.25,10,3.03
517,41.75,44.25,11,2.16
518,41.75,44.25,12,1.62
519,41.75,44.25,13,3.91
520,41.75,44.5,01,1.88
521,41.75,44.5,02,2.66
522,41.75,44.5,03,3.39
523,41.75,44.5,04,4.6
524,41.75,44.5,05,5.35
525,41.75,44.5,06,6.2
526,41.75,44.5,07,6.07
527,41.75,44.5,08,5.68
528,41.75,44.5,09,4.2
529,41.75,44.5,10,3.03
530,41.75,44.5,11,2.16
531,41.75,44.5,12,1.62
532,41.75,44.5,13,3.91
533,41.75,44.75,01,1.88
534,41.75,44.75,02,2.66
535,41.75,44.75,03,3.39
536,41.75,44.75,04,4.6
537,41.75,44.75,05,5.35
538,41.75,44.75,06,6.2
539,41.75,44.75,07,6.07
540,41.75,44.75,08,5.68
541,41.75,44.75,09,4.2
542,41.75,44.75,10,3.03
543,41.75,44.75,11,2.16
544,41.75,44.75,12,1.62
545,41.75,44.75,13,3.91
546,41.75,45.0,01,1.92
547,41.75,45.0,02,2.61
548,41.75,45.0,03,3.49
549,41.75,45.0,04,4.84
550,41.75,45.0,05,5.7
551,41.75,45.0,06,6.55
552,41.75,45.0,07,6.35
553,41.75,45.0,08,5.88
554,41.75,45.0,09,4.34
555,41.75,45.0,10,3.05
556,41.75,45.0,11,2.15
557,41.75,45.0,12,1.65
558,41.75,45.0,13,4.05
559,41.75,45.25,01,1.92
560,41.75,45.25,02,2.61
561,41.75,45.25,03,3.49
562,41.75,45.25,04,4.84
563,41.75,45.25,05,5.7
564,41.75,45.25,06,6.55
565,41.75,45.25,07,6.35
566,41.75,45.25,08,5.88
567,41.75,45.25,09,4.34
568,41.75,45.25,10,3.05
569,41.75,45.25,11,2.15
570,41.75,45.25,12,1.65
571,41.75,45.25,13,4.05
572,41.75,45.5,01,1.92
573,41.75,45.5,02,2.61
574,41.75,45.5,03,3.49
575,41.75,45.5,04,4.84
576,41.75,45.5,05,5.7
577,41.75,45.5,06,6.55
578,41.75,45.5,07,6.35
579,41.75,45.5,08,5.88
580,41.75,45.5,09,4.34
581,41.75,45.5,10,3.05
582,41.75,45.5,11,2.15
583,41.75,45.5,12,1.65
584,41.75,45.5,13,4.05
585,41.75,45.75,01,1.92
586,41.75,45.75,02,2.61
587,41.75,45.75,03,3.49
588,41.75,45.75,04,4.84
589,41.75,45.75,05,5.7
590,41.75,45.75,06,6.55
591,41.75,45.75,07,6.35
592,41.75,45.75,08,5.88
593,41.75,45.75,09,4.34
594,41.75,45.75,10,3.05
595,41.75,45.75,11,2.15
596,41.75,45.75,12,1.65
597,41.75,45.75,13,4.05
598,41.75,46.0,01,1.82
599,41.75,46.0,02,2.47
600,41.75,46.0,03,3.36
601,41.75,46.0,04,4.65
602,41.75,46.0,05,5.57
603,41.75,46.0,06,6.61
604,41.75,46.0,07,6.29
605,41.75,46.0,08,5.88
606,41.75,46.0,09,4.38
607,41.75,46.0,10,2.98
608,41.75,46.0,11,2.1
609,41.75,46.0,12,1.57
610,41.75,46.0,13,3.98
611,42.0,42.0,01,1.59
612,42.0,42.0,02,2.29
613,42.0,42.0,03,3.13
614,42.0,42.0,04,4.48
615,42.0,42.0,05,5.19
616,42.0,42.0,06,5.97
617,42.0,42.0,07,5.8
618,42.0,42.0,08,5.73
619,42.0,42.0,09,4.4
620,42.0,42.0,10,2.97
621,42.0,42.0,11,1.99
622,42.0,42.0,12,1.43
623,42.0,42.0,13,3.75
624,42.0,42.25,01,1.59
625,42.0,42.25,02,2.29
626,42.0,42.25,03,3.13
627,42.0,42.25,04,4.48
628,42.0,42.25,05,5.19
629,42.0,42.25,06,5.97
630,42.0,42.25,07,5.8
631,42.0,42.25,08,5.73
632,42.0,42.25,09,4.4
633,42.0,42.25,10,2.97
634,42.0,42.25,11,1.99
635,42.0,42.25,12,1.43
636,42.0,42.25,13,3.75
637,42.0,42.5,01,1.59
638,42.0,42.5,02,2.29
639,42.0,42.5,03,3.13
640,42.0,42.5,04,4.48
641,42.0,42.5,05,5.19
642,42.0,42.5,06,5.97
643,42.0,42.5,07,5.8
644,42.0,42.5,08,5.73
645,42.0,42.5,09,4.4
646,42.0,42.5,10,2.97
647,42.0,42.5,11,1.99
648,42.0,42.5,12,1.43
649,42.0,42.5,13,3.75
650,42.0,42.75,01,1.59
651,42.0,42.75,02,2.29
652,42.0,42.75,03,3.13
653,42.0,42.75,04,4.48
654,42.0,42.75,05,5.19
655,42.0,42.75,06,5.97
656,42.0,42.75,07,5.8
657,42.0,42.75,08,5.73
658,42.0,42.75,09,4.4
659,42.0,42.75,10,2.97
660,42.0,42.75,11,1.99
661,42.0,42.75,12,1.43
662,42.0,42.75,13,3.75
663,42.0,43.0,01,1.72
664,42.0,43.0,02,2.52
665,42.0,43.0,03,3.31
666,42.0,43.0,04,4.43
667,42.0,43.0,05,5.11
668,42.0,43.0,06,5.87
669,42.0,43.0,07,5.9
670,42.0,43.0,08,5.79
671,42.0,43.0,09,4.37
672,42.0,43.0,10,2.99
673,42.0,43.0,11,2.03
674,42.0,43.0,12,1.52
675,42.0,43.0,13,3.8
676,42.0,43.25,01,1.72
677,42.0,43.25,02,2.52
678,42.0,43.25,03,3.31
679,42.0,43.25,04,4.43
680,42.0,43.25,05,5.11
681,42.0,43.25,06,5.87
682,42.0,43.25,07,5.9
683,42.0,43.25,08,5.79
684,42.0,43.25,09,4.37
685,42.0,43.25,10,2.99
686,42.0,43.25,11,2.03
687,42.0,43.25,12,1.52
688,42.0,43.25,13,3.8
689,42.0,43.5,01,1.72
690,42.0,43.5,02,2.52
691,42.0,43.5,03,3.31
692,42.0,43.5,04,4.43
693,42.0,43.5,05,5.11
694,42.0,43.5,06,5.87
695,42.0,43.5,07,5.9
696,42.0,43.5,08,5.79
697,42.0,43.5,09,4.37
698,42.0,43.5,10,2.99
699,42.0,43.5,11,2.03
700,42.0,43.5,12,1.52
701,42.0,43.5,13,3.8
702,42.0,43.75,01,1.72
703,42.0,43.75,02,2.52
704,42.0,43.75,03,3.31
705,42.0,43.75,04,4.43
706,42.0,43.75,05,5.11
707,42.0,43.75,06,5.87
708,42.0,43.75,07,5.9
709,42.0,43.75,08,5.79
710,42.0,43.75,09,4.37
711,42.0,43.75,10,2.99
712,42.0,43.75,11,2.03
713,42.0,43.75,12,1.52
714,42.0,43.75,13,3.8
715,42.0,44.0,01,1.84
716,42.0,44.0,02,2.7
717,42.0,44.0,03,3.44
718,42.0,44.0,04,4.45
719,42.0,44.0,05,5.05
720,42.0,44.0,06,5.81
721,42.0,44.0,07,5.84
722,42.0,44.0,08,5.64
723,42.0,44.0,09,4.23
724,42.0,44.0,10,3.06
725,42.0,44.0,11,2.12
726,42.0,44.0,12,1.58
727,42.0,44.0,13,3.82
728,42.0,44.25,01,1.84
729,42.0,44.25,02,2.7
730,42.0,44.25,03,3.44
731,42.0,44.25,04,4.45
732,42.0,44.25,05,5.05
733,42.0,44.25,06,5.81
734,42.0,44.25,07,5.84
735,42.0,44.25,08,5.64
736,42.0,44.25,09,4.23
737,42.0,44.25,10,3.06
738,42.0,44.25,11,2.12
739,42.0,44.25,12,1.58
740,42.0,44.25,13,3.82
741,42.0,44.5,01,1.84
742,42.0,44.5,02,2.7
743,42.0,44.5,03,3.44
744,42.0,44.5,04,4.45
745,42.0,44.5,05,5.05
746,42.0,44.5,06,5.81
747,42.0,44.5,07,5.84
748,42.0,44.5,08,5.64
749,42.0,44.5,09,4.23
750,42.0,44.5,10,3.06
751,42.0,44.5,11,2.12
752,42.0,44.5,12,1.58
753,42.0,44.5,13,3.82
754,42.0,44.75,01,1.84
755,42.0,44.75,02,2.7
756,42.0,44.75,03,3.44
757,42.0,44.75,04,4.45
758,42.0,44.75,05,5.05
759,42.0,44.75,06,5.81
760,42.0,44.75,07,5.84
761,42.0,44.75,08,5.64
762,42.0,44.75,09,4.23
763,42.0,44.75,10,3.06
764,42.0,44.75,11,2.12
765,42.0,44.75,12,1.58
766,42.0,44.75,13,3.82
767,42.0,45.0,01,1.88
768,42.0,45.0,02,2.68
769,42.0,45.0,03,3.39
770,42.0,45.0,04,4.49
771,42.0,45.0,05,4.98
772,42.0,45.0,06,5.84
773,42.0,45.0,07,5.82
774,42.0,45.0,08,5.59
775,42.0,45.0,09,4.19
776,42.0,45.0,10,3.03
777,42.0,45.0,11,2.14
778,42.0,45.0,12,1.65
779,42.0,45.0,13,3.81
780,42.0,45.25,01,1.88
781,42.0,45.25,02,2.68
782,42.0,45.25,03,3.39
783,42.0,45.25,04,4.49
784,42.0,45.25,05,4.98
785,42.0,45.25,06,5.84
786,42.0,45.25,07,5.82
787,42.0,45.25,08,5.59
788,42.0,45.25,09,4.19
789,42.0,45.25,10,3.03
790,42.0,45.25,11,2.14
791,42.0,45.25,12,1.65
792,42.0,45.25,13,3.81
793,42.0,45.5,01,1.88
794,42.0,45.5,02,2.68
795,42.0,45.5,03,3.39
796,42.0,45.5,04,4.49
797,42.0,45.5,05,4.98
798,42.0,45.5,06,5.84
799,42.0,45.5,07,5.82
800,42.0,45.5,08,5.59
801,42.0,45.5,09,4.19
802,42.0,45.5,10,3.03
803,42.0,45.5,11,2.14
804,42.0,45.5,12,1.65
805,42.0,45.5,13,3.81
806,42.0,45.75,01,1.88
807,42.0,45.75,02,2.68
808,42.0,45.75,03,3.39
809,42.0,45.75,04,4.49
810,42.0,45.75,05,4.98
811,42.0,45.75,06,5.84
812,42.0,45.75,07,5.82
813,42.0,45.75,08,5.59
814,42.0,45.75,09,4.19
815,42.0,45.75,10,3.03
816,42.0,45.75,11,2.14
817,42.0,45.75,12,1.65
818,42.0,45.75,13,3.81
819,42.0,46.0,01,1.93
820,42.0,46.0,02,2.72
821,42.0,46.0,03,3.59
822,42.0,46.0,04,4.8
823,42.0,46.0,05,5.34
824,42.0,46.0,06,6.04
825,42.0,46.0,07,6.0
826,42.0,46.0,08,5.68
827,42.0,46.0,09,4.39
828,42.0,46.0,10,3.18
829,42.0,46.0,11,2.23
830,42.0,46.0,12,1.7
831,42.0,46.0,13,3.97
832,42.25,41.75,01,1.59
833,42.25,41.75,02,2.35
834,42.25,41.75,03,3.38
835,42.25,41.75,04,4.77
836,42.25,41.75,05,5.59
837,42.25,41.75,06,6.38
838,42.25,41.75,07,6.12
839,42.25,41.75,08,5.86
840,42.25,41.75,09,4.48
841,42.25,41.75,10,3.03
842,42.25,41.75,11,1.99
843,42.25,41.75,12,1.4
844,42.25,41.75,13,3.92
845,42.25,42.0,01,1.59
846,42.25,42.0,02,2.29
847,42.25,42.0,03,3.13
848,42.25,42.0,04,4.48
849,42.25,42.0,05,5.19
850,42.25,42.0,06,5.97
851,42.25,42.0,07,5.8
852,42.25,42.0,08,5.73
853,42.25,42.0,09,4.4
854,42.25,42.0,10,2.97
855,42.25,42.0,11,1.99
856,42.25,42.0,12,1.43
857,42.25,42.0,13,3.75
858,42.25,42.25,01,1.59
859,42.25,42.25,02,2.29
860,42.25,42.25,03,3.13
861,42.25,42.25,04,4.48
862,42.25,42.25,05,5.19
863,42.25,42.25,06,5.97
864,42.25,42.25,07,5.8
865,42.25,42.25,08,5.73
866,42.25,42.25,09,4.4
867,42.25,42.25,10,2.97
868,42.25,42.25,11,1.99
869,42.25,42.25,12,1.43
870,42.25,42.25,13,3.75
871,42.25,42.5,01,1.59
872,42.25,42.5,02,2.29
873,42.25,42.5,03,3.13
874,42.25,42.5,04,4.48
875,42.25,42.5,05,5.19
876,42.25,42.5,06,5.97
877,42.25,42.5,07,5.8
878,42.25,42.5,08,5.73
879,42.25,42.5,09,4.4
880,42.25,42.5,10,2.97
881,42.25,42.5,11,1.99
882,42.25,42.5,12,1.43
883,42.25,42.5,13,3.75
884,42.25,42.75,01,1.59
885,42.25,42.75,02,2.29
886,42.25,42.75,03,3.13
887,42.25,42.75,04,4.48
888,42.25,42.75,05,5.19
889,42.25,42.75,06,5.97
890,42.25,42.75,07,5.8
891,42.25,42.75,08,5.73
892,42.25,42.75,09,4.4
893,42.25,42.75,10,2.97
894,42.25,42.75,11,1.99
895,42.25,42.75,12,1.43
896,42.25,42.75,13,3.75
897,42.25,43.0,01,1.72
898,42.25,43.0,02,2.52
899,42.25,43.0,03,3.31
900,42.25,43.0,04,4.43
901,42.25,43.0,05,5.11
902,42.25,43.0,06,5.87
903,42.25,43.0,07,5.9
904,42.25,43.0,08,5.79
905,42.25,43.0,09,4.37
906,42.25,43.0,10,2.99
907,42.25,43.0,11,2.03
908,42.25,43.0,12,1.52
909,42.25,43.0,13,3.8
910,42.25,43.25,01,1.72
911,42.25,43.25,02,2.52
912,42.25,43.25,03,3.31
913,42.25,43.25,04,4.43
914,42.25,43.25,05,5.11
915,42.25,43.25,06,5.87
916,42.25,43.25,07,5.9
917,42.25,43.25,08,5.79
918,42.25,43.25,09,4.37
919,42.25,43.25,10,2.99
920,42.25,43.25,11,2.03
921,42.25,43.25,12,1.52
922,42.25,43.25,13,3.8
923,42.25,43.5,01,1.72
924,42.25,43.5,02,2.52
925,42.25,43.5,03,3.31
926,42.25,43.5,04,4.43
927,42.25,43.5,05,5.11
928,42.25,43.5,06,5.87
929,42.25,43.5,07,5.9
930,42.25,43.5,08,5.79
931,42.25,43.5,09,4.37
932,42.25,43.5,10,2.99
933,42.25,43.5,11,2.03
934,42.25,43.5,12,1.52
935,42.25,43.5,13,3.8
936,42.25,43.75,01,1.72
937,42.25,43.75,02,2.52
938,42.25,43.75,03,3.31
939,42.25,43.75,04,4.43
940,42.25,43.75,05,5.11
941,42.25,43.75,06,5.87
942,42.25,43.75,07,5.9
943,42.25,43.75,08,5.79
944,42.25,43.75,09,4.37
945,42.25,43.75,10,2.99
946,42.25,43.75,11,2.03
947,42.25,43.75,12,1.52
948,42.25,43.75,13,3.8
949,42.25,44.0,01,1.84
950,42.25,44.0,02,2.7
951,42.25,44.0,03,3.44
952,42.25,44.0,04,4.45
953,42.25,44.0,05,5.05
954,42.25,44.0,06,5.81
955,42.25,44.0,07,5.84
956,42.25,44.0,08,5.64
957,42.25,44.0,09,4.23
958,42.25,44.0,10,3.06
959,42.25,44.0,11,2.12
960,42.25,44.0,12,1.58
961,42.25,44.0,13,3.82
962,42.25,44.25,01,1.84
963,42.25,44.25,02,2.7
964,42.25,44.25,03,3.44
965,42.25,44.25,04,4.45
966,42.25,44.25,05,5.05
967,42.25,44.25,06,5.81
968,42.25,44.25,07,5.84
969,42.25,44.25,08,5.64
970,42.25,44.25,09,4.23
971,42.25,44.25,10,3.06
972,42.25,44.25,11,2.12
973,42.25,44.25,12,1.58
974,42.25,44.25,13,3.82
975,42.25,44.5,01,1.84
976,42.25,44.5,02,2.7
977,42.25,44.5,03,3.44
978,42.25,44.5,04,4.45
979,42.25,44.5,05,5.05
980,42.25,44.5,06,5.81
981,42.25,44.5,07,5.84
982,42.25,44.5,08,5.64
983,42.25,44.5,09,4.23
984,42.25,44.5,10,3.06
985,42.25,44.5,11,2.12
986,42.25,44.5,12,1.58
987,42.25,44.5,13,3.82
988,42.25,44.75,01,1.84
989,42.25,44.75,02,2.7
990,42.25,44.75,03,3.44
991,42.25,44.75,04,4.45
992,42.25,44.75,05,5.05
993,42.25,44.75,06,5.81
994,42.25,44.75,07,5.84
995,42.25,44.75,08,5.64
996,42.25,44.75,09,4.23
997,42.25,44.75,10,3.06
998,42.25,44.75,11,2.12
999,42.25,44.75,12,1.58
1000,42.25,44.75,13,3.82
1001,42.25,45.0,01,1.88
1002,42.25,45.0,02,2.68
1003,42.25,45.0,03,3.39
1004,42.25,45.0,04,4.49
1005,42.25,45.0,05,4.98
1006,42.25,45.0,06,5.84
1007,42.25,45.0,07,5.82
1008,42.25,45.0,08,5.59
1009,42.25,45.0,09,4.19
1010,42.25,45.0,10,3.03
1011,42.25,45.0,11,2.14
1012,42.25,45.0,12,1.65
1013,42.25,45.0,13,3.81
1014,42.25,45.25,01,1.88
1015,42.25,45.25,02,2.68
1016,42.25,45.25,03,3.39
1017,42.25,45.25,04,4.49
1018,42.25,45.25,05,4.98
1019,42.25,45.25,06,5.84
1020,42.25,45.25,07,5.82
1021,42.25,45.25,08,5.59
1022,42.25,45.25,09,4.19
1023,42.25,45.25,10,3.03
1024,42.25,45.25,11,2.14
1025,42.25,45.25,12,1.65
1026,42.25,45.25,13,3.81
1027,42.25,45.5,01,1.88
1028,42.25,45.5,02,2.68
1029,42.25,45.5,03,3.39
1030,42.25,45.5,04,4.49
1031,42.25,45.5,05,4.98
1032,42.25,45.5,06,5.84
1033,42.25,45.5,07,5.82
1034,42.25,45.5,08,5.59
1035,42.25,45.5,09,4.19
1036,42.25,45.5,10,3.03
1037,42.25,45.5,11,2.14
1038,42.25,45.5,12,1.65
1039,42.25,45.5,13,3.81
1040,42.5,41.75,01,1.59
1041,42.5,41.75,02,2.35
1042,42.5,41.75,03,3.38
1043,42.5,41.75,04,4.77
1044,42.5,41.75,05,5.59
1045,42.5,41.75,06,6.38
1046,42.5,41.75,07,6.12
1047,42.5,41.75,08,5.86
1048,42.5,41.75,09,4.48
1049,42.5,41.75,10,3.03
1050,42.5,41.75,11,1.99
1051,42.5,41.75,12,1.4
1052,42.5,41.75,13,3.92
1053,42.5,42.0,01,1.59
1054,42.5,42.0,02,2.29
1055,42.5,42.0,03,3.13
1056,42.5,42.0,04,4.48
1057,42.5,42.0,05,5.19
1058,42.5,42.0,06,5.97
1059,42.5,42.0,07,5.8
1060,42.5,42.0,08,5.73
1061,42.5,42.0,09,4.4
1062,42.5,42.0,10,2.97
1063,42.5,42.0,11,1.99
1064,42.5,42.0,12,1.43
1065,42.5,42.0,13,3.75
1066,42.5,42.25,01,1.59
1067,42.5,42.25,02,2.29
1068,42.5,42.25,03,3.13
1069,42.5,42.25,04,4.48
1070,42.5,42.25,05,5.19
1071,42.5,42.25,06,5.97
1072,42.5,42.25,07,5.8
1073,42.5,42.25,08,5.73
1074,42.5,42.25,09,4.4
1075,42.5,42.25,10,2.97
1076,42.5,42.25,11,1.99
1077,42.5,42.25,12,1.43
1078,42.5,42.25,13,3.75
1079,42.5,42.5,01,1.59
1080,42.5,42.5,02,2.29
1081,42.5,42.5,03,3.13
1082,42.5,42.5,04,4.48
1083,42.5,42.5,05,5.19
1084,42.5,42.5,06,5.97
1085,42.5,42.5,07,5.8
1086,42.5,42.5,08,5.73
1087,42.5,42.5,09,4.4
1088,42.5,42.5,10,2.97
1089,42.5,42.5,11,1.99
1090,42.5,42.5,12,1.43
1091,42.5,42.5,13,3.75
1092,42.5,42.75,01,1.59
1093,42.5,42.75,02,2.29
1094,42.5,42.75,03,3.13
1095,42.5,42.75,04,4.48
1096,42.5,42.75,05,5.19
1097,42.5,42.75,06,5.97
1098,42.5,42.75,07,5.8
1099,42.5,42.75,08,5.73
1100,42.5,42.75,09,4.4
1101,42.5,42.75,10,2.97
1102,42.5,42.75,11,1.99
1103,42.5,42.75,12,1.43
1104,42.5,42.75,13,3.75
1105,42.5,43.0,01,1.72
1106,42.5,43.0,02,2.52
1107,42.5,43.0,03,3.31
1108,42.5,43.0,04,4.43
1109,42.5,43.0,05,5.11
1110,42.5,43.0,06,5.87
1111,42.5,43.0,07,5.9
1112,42.5,43.0,08,5.79
1113,42.5,43.0,09,4.37
1114,42.5,43.0,10,2.99
1115,42.5,43.0,11,2.03
1116,42.5,43.0,12,1.52
1117,42.5,43.0,13,3.8
1118,42.5,43.25,01,1.72
1119,42.5,43.25,02,2.52
1120,42.5,43.25,03,3.31
1121,42.5,43.25,04,4.43
1122,42.5,43.25,05,5.11
1123,42.5,43.25,06,5.87
1124,42.5,43.25,07,5.9
1125,42.5,43.25,08,5.79
1126,42.5,43.25,09,4.37
1127,42.5,43.25,10,2.99
1128,42.5,43.25,11,2.03
1129,42.5,43.25,12,1.52
1130,42.5,43.25,13,3.8
1131,42.5,43.5,01,1.72
1132,42.5,43.5,02,2.52
1133,42.5,43.5,03,3.31
1134,42.5,43.5,04,4.43
1135,42.5,43.5,05,5.11
1136,42.5,43.5,06,5.87
1137,42.5,43.5,07,5.9
1138,42.5,43.5,08,5.79
1139,42.5,43.5,09,4.37
1140,42.5,43.5,10,2.99
1141,42.5,43.5,11,2.03
1142,42.5,43.5,12,1.52
1143,42.5,43.5,13,3.8
1144,42.5,43.75,01,1.72
1145,42.5,43.75,02,2.52
1146,42.5,43.75,03,3.31
1147,42.5,43.75,04,4.43
1148,42.5,43.75,05,5.11
1149,42.5,43.75,06,5.87
1150,42.5,43.75,07,5.9
1151,42.5,43.75,08,5.79
1152,42.5,43.75,09,4.37
1153,42.5,43.75,10,2.99
1154,42.5,43.75,11,2.03
1155,42.5,43.75,12,1.52
1156,42.5,43.75,13,3.8
1157,42.5,44.0,01,1.84
1158,42.5,44.0,02,2.7
1159,42.5,44.0,03,3.44
1160,42.5,44.0,04,4.45
1161,42.5,44.0,05,5.05
1162,42.5,44.0,06,5.81
1163,42.5,44.0,07,5.84
1164,42.5,44.0,08,5.64
1165,42.5,44.0,09,4.23
1166,42.5,44.0,10,3.06
1167,42.5,44.0,11,2.12
1168,42.5,44.0,12,1.58
1169,42.5,44.0,13,3.82
1170,42.5,44.25,01,1.84
1171,42.5,44.25,02,2.7
1172,42.5,44.25,03,3.44
1173,42.5,44.25,04,4.45
1174,42.5,44.25,05,5.05
1175,42.5,44.25,06,5.81
1176,42.5,44.25,07,5.84
1177,42.5,44.25,08,5.64
1178,42.5,44.25,09,4.23
1179,42.5,44.25,10,3.06
1180,42.5,44.25,11,2.12
1181,42.5,44.25,12,1.58
1182,42.5,44.25,13,3.82
1183,42.5,44.5,01,1.84
1184,42.5,44.5,02,2.7
1185,42.5,44.5,03,3.44
1186,42.5,44.5,04,4.45
1187,42.5,44.5,05,5.05
1188,42.5,44.5,06,5.81
1189,42.5,44.5,07,5.84
1190,42.5,44.5,08,5.64
1191,42.5,44.5,09,4.23
1192,42.5,44.5,10,3.06
1193,42.5,44.5,11,2.12
1194,42.5,44.5,12,1.58
1195,42.5,44.5,13,3.82
1196,42.5,44.75,01,1.84
1197,42.5,44.75,02,2.7
1198,42.5,44.75,03,3.44
1199,42.5,44.75,04,4.45
1200,42.5,44.75,05,5.05
1201,42.5,44.75,06,5.81
1202,42.5,44.75,07,5.84
1203,42.5,44.75,08,5.64
1204,42.5,44.75,09,4.23
1205,42.5,44.75,10,3.06
1206,42.5,44.75,11,2.12
1207,42.5,44.75,12,1.58
1208,42.5,44.75,13,3.82
1209,42.5,45.0,01,1.88
1210,42.5,45.0,02,2.68
1211,42.5,45.0,03,3.39
1212,42.5,45.0,04,4.49
1213,42.5,45.0,05,4.98
1214,42.5,45.0,06,5.84
1215,42.5,45.0,07,5.82
1216,42.5,45.0,08,5.59
1217,42.5,45.0,09,4.19
1218,42.5,45.0,10,3.03
1219,42.5,45.0,11,2.14
1220,42.5,45.0,12,1.65
1221,42.5,45.0,13,3.81
1222,42.5,45.25,01,1.88
1223,42.5,45.25,02,2.68
1224,42.5,45.25,03,3.39
1225,42.5,45.25,04,4.49
1226,42.5,45.25,05,4.98
1227,42.5,45.25,06,5.84
1228,42.5,45.25,07,5.82
1229,42.5,45.25,08,5.59
1230,42.5,45.25,09,4.19
1231,42.5,45.25,10,3.03
1232,42.5,45.25,11,2.14
1233,42.5,45.25,12,1.65
1234,42.5,45.25,13,3.81
1235,42.5,45.5,01,1.88
1236,42.5,45.5,02,2.68
1237,42.5,45.5,03,3.39
1238,42.5,45.5,04,4.49
1239,42.5,45.5,05,4.98
1240,42.5,45.5,06,5.84
1241,42.5,45.5,07,5.82
1242,42.5,45.5,08,5.59
1243,42.5,45.5,09,4.19
1244,42.5,45.5,10,3.03
1245,42.5,45.5,11,2.14
1246,42.5,45.5,12,1.65
1247,42.5,45.5,13,3.81
1248,42.75,41.5,01,1.59
1249,42.75,41.5,02,2.35
1250,42.75,41.5,03,3.38
1251,42.75,41.5,04,4.77
1252,42.75,41.5,05,5.59
1253,42.75,41.5,06,6.38
1254,42.75,41.5,07,6.12
1255,42.75,41.5,08,5.86
1256,42.75,41.5,09,4.48
1257,42.75,41.5,10,3.03
1258,42.75,41.5,11,1.99
1259,42.75,41.5,12,1.4
1260,42.75,41.5,13,3.92
1261,42.75,41.75,01,1.59
1262,42.75,41.75,02,2.35
1263,42.75,41.75,03,3.38
1264,42.75,41.75,04,4.77
1265,42.75,41.75,05,5.59
1266,42.75,41.75,06,6.38
1267,42.75,41.75,07,6.12
1268,42.75,41.75,08,5.86
1269,42.75,41.75,09,4.48
1270,42.75,41.75,10,3.03
1271,42.75,41.75,11,1.99
1272,42.75,41.75,12,1.4
1273,42.75,41.75,13,3.92
1274,42.75,42.0,01,1.59
1275,42.75,42.0,02,2.29
1276,42.75,42.0,03,3.13
1277,42.75,42.0,04,4.48
1278,42.75,42.0,05,5.19
1279,42.75,42.0,06,5.97
1280,42.75,42.0,07,5.8
1281,42.75,42.0,08,5.73
1282,42.75,42.0,09,4.4
1283,42.75,42.0,10,2.97
1284,42.75,42.0,11,1.99
1285,42.75,42.0,12,1.43
1286,42.75,42.0,13,3.75
1287,42.75,42.25,01,1.59
1288,42.75,42.25,02,2.29
1289,42.75,42.25,03,3.13
1290,42.75,42.25,04,4.48
1291,42.75,42.25,05,5.19
1292,42.75,42.25,06,5.97
1293,42.75,42.25,07,5.8
1294,42.75,42.25,08,5.73
1295,42.75,42.25,09,4.4
1296,42.75,42.25,10,2.97
1297,42.75,42.25,11,1.99
1298,42.75,42.25,12,1.43
1299,42.75,42.25,13,3.75
1300,42.75,42.5,01,1.59
1301,42.75,42.5,02,2.29
1302,42.75,42.5,03,3.13
1303,42.75,42.5,04,4.48
1304,42.75,42.5,05,5.19
1305,42.75,42.5,06,5.97
1306,42.75,42.5,07,5.8
1307,42.75,42.5,08,5.73
1308,42.75,42.5,09,4.4
1309,42.75,42.5,10,2.97
1310,42.75,42.5,11,1.99
1311,42.75,42.5,12,1.43
1312,42.75,42.5,13,3.75
1313,42.75,42.75,01,1.59
1314,42.75,42.75,02,2.29
1315,42.75,42.75,03,3.13
1316,42.75,42.75,04,4.48
1317,42.75,42.75,05,5.19
1318,42.75,42.75,06,5.97
1319,42.75,42.75,07,5.8
1320,42.75,42.75,08,5.73
1321,42.75,42.75,09,4.4
1322,42.75,42.75,10,2.97
1323,42.75,42.75,11,1.99
1324,42.75,42.75,12,1.43
1325,42.75,42.75,13,3.75
1326,42.75,43.0,01,1.72
1327,42.75,43.0,02,2.52
1328,42.75,43.0,03,3.31
1329,42.75,43.0,04,4.43
1330,42.75,43.0,05,5.11
1331,42.75,43.0,06,5.87
1332,42.75,43.0,07,5.9
1333,42.75,43.0,08,5.79
1334,42.75,43.0,09,4.37
1335,42.75,43.0,10,2.99
1336,42.75,43.0,11,2.03
1337,42.75,43.0,12,1.52
1338,42.75,43.0,13,3.8
1339,42.75,43.25,01,1.72
1340,42.75,43.25,02,2.52
1341,42.75,43.25,03,3.31
1342,42.75,43.25,04,4.43
1343,42.75,43.25,05,5.11
1344,42.75,43.25,06,5.87
1345,42.75,43.25,07,5.9
1346,42.75,43.25,08,5.79
1347,42.75,43.25,09,4.37
1348,42.75,43.25,10,2.99
1349,42.75,43.25,11,2.03
1350,42.75,43.25,12,1.52
1351,42.75,43.25,13,3.8
1352,42.75,43.5,01,1.72
1353,42.75,43.5,02,2.52
1354,42.75,43.5,03,3.31
1355,42.75,43.5,04,4.43
1356,42.75,43.5,05,5.11
1357,42.75,43.5,06,5.87
1358,42.75,43.5,07,5.9
1359,42.75,43.5,08,5.79
1360,42.75,43.5,09,4.37
1361,42.75,43.5,10,2.99
1362,42.75,43.5,11,2.03
1363,42.75,43.5,12,1.52
1364,42.75,43.5,13,3.8
1365,42.75,43.75,01,1.72
1366,42.75,43.75,02,2.52
1367,42.75,43.75,03,3.31
1368,42.75,43.75,04,4.43
1369,42.75,43.75,05,5.11
1370,42.75,43.75,06,5.87
1371,42.75,43.75,07,5.9
1372,42.75,43.75,08,5.79
1373,42.75,43.75,09,4.37
1374,42.75,43.75,10,2.99
1375,42.75,43.75,11,2.03
1376,42.75,43.75,12,1.52
1377,42.75,43.75,13,3.8
1378,43.0,41.0,01,1.62
1379,43.0,41.0,02,2.48
1380,43.0,41.0,03,3.33
1381,43.0,41.0,04,4.7
1382,43.0,41.0,05,5.1
1383,43.0,41.0,06,5.85
1384,43.0,41.0,07,5.98
1385,43.0,41.0,08,5.67
1386,43.0,41.0,09,4.39
1387,43.0,41.0,10,3.06
1388,43.0,41.0,11,1.97
1389,43.0,41.0,12,1.46
1390,43.0,41.0,13,3.81
1391,43.0,41.25,01,1.62
1392,43.0,41.25,02,2.48
1393,43.0,41.25,03,3.33
1394,43.0,41.25,04,4.7
1395,43.0,41.25,05,5.1
1396,43.0,41.25,06,5.85
1397,43.0,41.25,07,5.98
1398,43.0,41.25,08,5.67
1399,43.0,41.25,09,4.39
1400,43.0,41.25,10,3.06
1401,43.0,41.25,11,1.97
1402,43.0,41.25,12,1.46
1403,43.0,41.25,13,3.81
1404,43.0,41.5,01,1.62
1405,43.0,41.5,02,2.48
1406,43.0,41.5,03,3.33
1407,43.0,41.5,04,4.7
1408,43.0,41.5,05,5.1
1409,43.0,41.5,06,5.85
1410,43.0,41.5,07,5.98
1411,43.0,41.5,08,5.67
1412,43.0,41.5,09,4.39
1413,43.0,41.5,10,3.06
1414,43.0,41.5,11,1.97
1415,43.0,41.5,12,1.46
1416,43.0,41.5,13,3.81
1417,43.0,41.75,01,1.62
1418,43.0,41.75,02,2.48
1419,43.0,41.75,03,3.33
1420,43.0,41.75,04,4.7
1421,43.0,41.75,05,5.1
1422,43.0,41.75,06,5.85
1423,43.0,41.75,07,5.98
1424,43.0,41.75,08,5.67
1425,43.0,41.75,09,4.39
1426,43.0,41.75,10,3.06
1427,43.0,41.75,11,1.97
1428,43.0,41.75,12,1.46
1429,43.0,41.75,13,3.81
1430,43.0,42.0,01,1.72
1431,43.0,42.0,02,2.68
1432,43.0,42.0,03,3.5
1433,43.0,42.0,04,4.51
1434,43.0,42.0,05,4.89
1435,43.0,42.0,06,5.64
1436,43.0,42.0,07,5.92
1437,43.0,42.0,08,5.6
1438,43.0,42.0,09,4.32
1439,43.0,42.0,10,3.0
1440,43.0,42.0,11,2.04
1441,43.0,42.0,12,1.57
1442,43.0,42.0,13,3.79
1443,43.0,42.25,01,1.72
1444,43.0,42.25,02,2.68
1445,43.0,42.25,03,3.5
1446,43.0,42.25,04,4.51
1447,43.0,42.25,05,4.89
1448,43.0,42.25,06,5.64
1449,43.0,42.25,07,5.92
1450,43.0,42.25,08,5.6
1451,43.0,42.25,09,4.32
1452,43.0,42.25,10,3.0
1453,43.0,42.25,11,2.04
1454,43.0,42.25,12,1.57
1455,43.0,42.25,13,3.79
1456,43.0,42.5,01,1.72
1457,43.0,42.5,02,2.68
1458,43.0,42.5,03,3.5
1459,43.0,42.5,04,4.51
1460,43.0,42.5,05,4.89
1461,43.0,42.5,06,5.64
1462,43.0,42.5,07,5.92
1463,43.0,42.5,08,5.6
1464,43.0,42.5,09,4.32
1465,43.0,42.5,10,3.0
1466,43.0,42.5,11,2.04
1467,43.0,42.5,12,1.57
1468,43.0,42.5,13,3.79
1469,43.0,42.75,01,1.72
1470,43.0,42.75,02,2.68
1471,43.0,42.75,03,3.5
1472,43.0,42.75,04,4.51
1473,43.0,42.75,05,4.89
1474,43.0,42.75,06,5.64
1475,43.0,42.75,07,5.92
1476,43.0,42.75,08,5.6
1477,43.0,42.75,09,4.32
1478,43.0,42.75,10,3.0
1479,43.0,42.75,11,2.04
1480,43.0,42.75,12,1.57
1481,43.0,42.75,13,3.79
1482,43.0,43.0,01,1.67
1483,43.0,43.0,02,2.45
1484,43.0,43.0,03,3.0
1485,43.0,43.0,04,4.48
1486,43.0,43.0,05,4.98
1487,43.0,43.0,06,5.68
1488,43.0,43.0,07,5.81
1489,43.0,43.0,08,5.39
1490,43.0,43.0,09,4.02
1491,43.0,43.0,10,2.82
1492,43.0,43.0,11,1.83
1493,43.0,43.0,12,1.42
1494,43.0,43.0,13,3.63
1495,43.25,40.5,01,1.44
1496,43.25,40.5,02,2.21
1497,43.25,40.5,03,3.3
1498,43.25,40.5,04,4.54
1499,43.25,40.5,05,5.31
1500,43.25,40.5,06,6.1
1501,43.25,40.5,07,6.09
1502,43.25,40.5,08,5.72
1503,43.25,40.5,09,4.35
1504,43.25,40.5,10,3.01
1505,43.25,40.5,11,1.92
1506,43.25,40.5,12,1.32
1507,43.25,40.5,13,3.78
1508,43.25,40.75,01,1.44
1509,43.25,40.75,02,2.21
1510,43.25,40.75,03,3.3
1511,43.25,40.75,04,4.54
1512,43.25,40.75,05,5.31
1513,43.25,40.75,06,6.1
1514,43.25,40.75,07,6.09
1515,43.25,40.75,08,5.72
1516,43.25,40.75,09,4.35
1517,43.25,40.75,10,3.01
1518,43.25,40.75,11,1.92
1519,43.25,40.75,12,1.32
1520,43.25,40.75,13,3.78
1521,43.25,41.0,01,1.62
1522,43.25,41.0,02,2.48
1523,43.25,41.0,03,3.33
1524,43.25,41.0,04,4.7
1525,43.25,41.0,05,5.1
1526,43.25,41.0,06,5.85
1527,43.25,41.0,07,5.98
1528,43.25,41.0,08,5.67
1529,43.25,41.0,09,4.39
1530,43.25,41.0,10,3.06
1531,43.25,41.0,11,1.97
1532,43.25,41.0,12,1.46
1533,43.25,41.0,13,3.81
1534,43.25,41.25,01,1.62
1535,43.25,41.25,02,2.48
1536,43.25,41.25,03,3.33
1537,43.25,41.25,04,4.7
1538,43.25,41.25,05,5.1
1539,43.25,41.25,06,5.85
1540,43.25,41.25,07,5.98
1541,43.25,41.25,08,5.67
1542,43.25,41.25,09,4.39
1543,43.25,41.25,10,3.06
1544,43.25,41.25,11,1.97
1545,43.25,41.25,12,1.46
1546,43.25,41.25,13,3.81
1547,43.25,41.5,01,1.62
1548,43.25,41.5,02,2.48
1549,43.25,41.5,03,3.33
1550,43.25,41.5,04,4.7
1551,43.25,41.5,05,5.1
1552,43.25,41.5,06,5.85
1553,43.25,41.5,07,5.98
1554,43.25,41.5,08,5.67
1555,43.25,41.5,09,4.39
1556,43.25,41.5,10,3.06
1557,43.25,41.5,11,1.97
1558,43.25,41.5,12,1.46
1559,43.25,41.5,13,3.81
1560,43.5,40.25,01,1.44
1561,43.5,40.25,02,2.21
1562,43.5,40.25,03,3.3
1563,43.5,40.25,04,4.54
1564,43.5,40.25,05,5.31
1565,43.5,40.25,06,6.1
1566,43.5,40.25,07,6.09
1567,43.5,40.25,08,5.72
1568,43.5,40.25,09,4.35
1569,43.5,40.25,10,3.01
1570,43.5,40.25,11,1.92
1571,43.5,40.25,12,1.32
1572,43.5,40.25,13,3.78
1573,43.5,40.5,01,1.44
1574,43.5,40.5,02,2.21
1575,43.5,40.5,03,3.3
1576,43.5,40.5,04,4.54
1577,43.5,40.5,05,5.31
1578,43.5,40.5,06,6.1
1579,43.5,40.5,07,6.09
1580,43.5,40.5,08,5.72
1581,43.5,40.5,09,4.35
1582,43.5,40.5,10,3.01
1583,43.5,40.5,11,1.92
1584,43.5,40.5,12,1.32
1585,43.5,40.5,13,3.78
